2014/08/01,10:00,13.15,13.25,13.3,13.35,13.3,13.2
2014/08/01,10:05,13.15,13.3,13.35,13.35,13.3,13.2
2014/08/01,10:10,13.2,13.3,13.35,13.4,13.3,13.25
2014/08/01,10:15,13.25,13.35,13.35,13.4,13.3,13.25
2014/08/01,10:20,13.25,13.4,13.4,13.4,13.3,13.3
2014/08/01,10:25,13.25,13.4,13.4,13.4,13.35,13.3
2014/08/01,10:30,13.35,13.5,13.4,13.4,13.35,13.3
2014/08/01,10:35,13.35,13.5,13.45,13.45,13.35,13.35
2014/08/01,10:40,13.4,13.5,13.5,13.5,13.35,13.35
2014/08/01,10:45,13.45,13.5,13.5,13.55,13.4,13.4
2014/08/01,10:50,13.5,13.6,13.55,13.55,13.45,13.4
2014/08/01,10:55,13.5,13.6,13.55,13.6,13.55,13.45
2014/08/01,11:00,13.5,13.6,13.6,13.65,13.5,13.5
2014/08/01,11:05,13.6,13.7,13.7,13.65,13.55,13.5
2014/08/01,11:10,13.65,13.7,13.7,13.65,13.55,13.55
2014/08/01,11:15,13.65,13.8,13.7,13.75,13.6,13.55
2014/08/01,11:20,13.3,12.95,11.75,13.25,12.55,12.95
2014/08/01,11:25,8.1,7.4,6.45,10.15,7.15,8.95
2014/08/01,11:30,4.6,4.15,4.25,5.25,4.25,4.55
2014/08/01,11:35,3.95,2.8,2.4,2.95,2,1.95
2014/08/01,11:40,3.45,2.05,1.9,2.3,1.5,1.25
2014/08/01,11:45,4.2,2.05,1.8,2.1,1.4,1.15
2014/08/01,11:50,4.15,2.1,1.85,2.25,1.5,1.15
2014/08/01,11:55,3.95,1.95,1.65,2.2,1.5,1.15
2014/08/01,12:00,1.9,0.95,0.75,1.3,0.85,0.65
2014/08/01,12:05,1.25,0.45,0.35,0.75,0.45,0.3
2014/08/01,12:10,0.95,0.25,0.1,0.55,0.3,0.05
2014/08/01,12:15,0.75,0.15,0,0.4,0.25,-0.05
2014/08/01,12:20,2.1,1.65,1.2,1.05,0.9,1.3
2014/08/01,12:25,3,2.65,1.95,2.15,1.55,0.85
2014/08/01,12:30,3.5,3.15,2.3,2.55,1.75,0.8
2014/08/01,12:35,3.6,3.1,2.45,2.6,1.85,0.9
2014/08/01,12:40,3.6,2.7,2.25,2.55,1.85,1
2014/08/01,12:45,2.75,2.1,1.85,2.4,1.7,1.1
2014/08/01,12:50,2.4,2.25,1.65,1.65,1.3,0.8
2014/08/01,12:55,3.2,2.95,2.2,2.35,1.75,1.05
2014/08/01,13:00,3.7,2.7,2.2,2.6,1.85,1.2
2014/08/01,13:05,4.45,3.35,2.4,2.65,1.9,1.25
2014/08/01,13:10,4.1,2.9,2.4,2.6,1.9,1.35
2014/08/01,13:15,5.05,3.65,2.55,2.7,1.9,1.4
2014/08/01,13:20,5.95,3.6,2.8,2.85,2.05,1.45
2014/08/01,13:25,6.5,3.65,2.95,2.95,2.15,1.6
2014/08/01,13:30,5.65,2.25,1.6,0.5,0.5,0.75
2014/08/01,13:35,4.4,1.05,0.4,-1.6,-0.95,-0.65
2014/08/01,13:40,3.8,0.5,-0.45,-2.3,-1.4,-1.15
2014/08/01,13:45,2.5,-0.95,-2.45,-4.25,-2.95,-2.65
2014/08/01,13:50,2.3,-0.25,-0.25,-0.15,-0.1,-1.05
2014/08/01,13:55,2.85,0.9,1.05,1.65,1.3,0.7
2014/08/01,14:00,2.8,0.75,0.75,1.3,0.95,0.65
2014/08/01,14:05,2.8,0.75,0.85,1.3,0.95,0.65
2014/08/01,14:10,2.8,0.75,0.85,1.35,1.05,0.75
2014/08/01,14:15,2.85,0.85,0.95,1.35,1.05,0.75
2014/08/01,14:20,2.85,0.85,0.9,1.3,1.05,0.8
2014/08/01,14:25,2.85,0.8,0.85,1.2,0.9,0.7
2014/08/01,14:30,2.75,0.75,0.9,1.15,0.85,0.7
2014/08/01,14:35,4.9,1.95,2,1.9,1.3,1.05
2014/08/01,14:40,5.95,2.35,2.5,2.5,1.7,1.15
2014/08/01,14:45,4.6,1.3,1.45,1,0.7,0.6
2014/08/01,14:50,4.15,1.15,1.65,1,0.8,0.65
2014/08/01,14:55,3.95,1.1,1.95,1.2,0.95,0.75
2014/08/01,15:00,3.9,1,1.95,1.05,0.8,0.65
2014/08/01,15:05,3.8,1.1,2.2,1.25,0.95,0.75
2014/08/01,15:10,3.8,1.05,2.2,1.15,0.9,0.75
2014/08/01,15:15,3.8,0.95,2.2,1.05,0.85,0.65
2014/08/01,15:20,3.75,1.05,2.35,1.3,1,0.75
2014/08/01,15:25,3.75,0.95,2.25,1,0.8,0.65
2014/08/01,15:30,3.75,1.1,2.4,1.25,0.95,0.75
2014/08/01,15:35,3.75,1.05,2.4,1.15,0.9,0.8
2014/08/01,15:40,3.7,0.95,2.35,0.95,0.8,0.7
2014/08/01,15:45,3.7,1.05,2.5,1.15,0.9,0.7
2014/08/01,15:50,3.75,1.05,2.45,1.15,0.9,0.8
2014/08/01,15:55,3.7,1.05,2.5,1.2,0.9,0.7
2014/08/01,16:00,3.7,1.05,2.6,1.25,0.95,0.8
2014/08/01,16:05,3.7,1,2.55,1.15,0.9,0.75
2014/08/01,16:10,3.9,2.7,3.1,1.65,1.25,1
2014/08/01,16:15,5.35,2,4,2.3,1.75,1.4
2014/08/01,16:20,6.8,3.15,4.85,3.15,2.35,2
2014/08/01,16:25,7.2,3.95,5.4,3.45,2.65,2.25
2014/08/01,16:30,7.1,3.65,5.8,3.8,3.45,2.6
2014/08/01,16:35,7.45,3.55,6.2,3.95,3.85,2.55
2014/08/01,16:40,7.95,3.85,6.55,4.25,6.85,2.75
2014/08/01,16:45,7.95,4.5,6.85,4.4,6.1,2.65
2014/08/01,16:50,8.3,4.15,7.25,4.5,5.75,2.7
2014/08/01,16:55,9,4.4,7.1,4.7,5.6,2.65
2014/08/01,17:00,9.2,5.6,5.95,4.75,5.6,2.65
2014/08/01,17:05,9.1,6.05,5.35,4.9,5.55,2.7
2014/08/01,17:10,9.35,6.6,5.05,5.05,5.6,2.7
2014/08/01,17:15,9.35,6.55,4.95,5.3,5.6,2.85
2014/08/01,17:20,9.65,6.15,4.8,5.25,5.65,2.9
2014/08/01,17:25,9.1,6.05,4.8,5.35,5.6,3.05
2014/08/01,17:30,8.7,5.85,4.85,4.8,5.25,3.3
2014/08/01,17:35,8.45,5.85,4.85,4.8,5.3,3.55
2014/08/01,17:40,8.3,5.85,4.95,4.8,5.25,3.7
2014/08/01,17:45,8.1,5.9,5,4.75,5.15,3.85
2014/08/01,17:50,8,5.95,4.95,4.8,5.15,4
2014/08/01,17:55,7.9,5.95,4.95,4.75,5.1,4.05
2014/08/01,18:00,7.75,6,4.95,4.8,5.05,4.15
2014/08/01,18:05,7.75,6.15,4.95,4.65,4.7,4.05
2014/08/01,18:10,7.6,6.15,4.9,5,5.4,4.4
2014/08/01,18:15,7.6,6.2,4.95,5,5.2,4.45
2014/08/01,18:20,7.55,6.3,4.95,4.95,5.15,4.5
2014/08/01,18:25,7.5,6.3,4.95,4.9,5.1,4.5
2014/08/01,18:30,7.5,6.35,4.95,4.95,5.1,4.6
2014/08/01,18:35,7.45,6.5,4.95,5,5.1,4.65
2014/08/01,18:40,7.35,6.5,5.05,4.95,5.1,4.65
2014/08/01,18:45,7.35,6.55,5.05,4.95,5.1,4.7
2014/08/01,18:50,7.4,6.6,4.95,5.05,5.1,4.75
2014/08/01,18:55,7.35,6.65,4.95,5.05,5.1,4.8
2014/08/01,19:00,7.3,6.75,5,5.05,5.05,4.8
2014/08/01,19:05,7.25,6.75,4.95,5.05,5.05,4.8
2014/08/01,19:10,7.25,6.75,4.9,5.05,5.05,4.85
2014/08/01,19:15,7.25,6.8,4.9,5,5.05,4.8
2014/08/01,19:20,7.15,6.85,4.95,5.05,5.05,4.85
2014/08/01,19:25,7.15,6.9,4.95,5,5.05,4.8
2014/08/01,19:30,7.05,6.9,4.95,5,5,4.8
2014/08/01,19:35,7.05,6.9,4.9,5,5,4.85
2014/08/01,19:40,7.05,7,4.85,5,4.95,4.85
2014/08/01,19:45,7,7,4.85,4.95,4.95,4.85
2014/08/01,19:50,6.95,7.05,4.9,4.95,4.95,4.8
2014/08/01,19:55,6.9,7.05,4.9,4.9,4.85,4.8
2014/08/01,20:00,6.85,7.15,4.85,4.95,4.9,4.8
2014/08/01,20:05,6.8,7.15,4.85,4.95,4.85,4.8
2014/08/01,20:10,6.8,7.25,4.8,4.9,4.85,4.8
2014/08/01,20:15,6.8,7.25,4.8,4.9,4.85,4.85
2014/08/01,20:20,6.75,7.3,4.8,4.9,4.85,4.85
2014/08/01,20:25,6.75,7.3,4.8,4.9,4.85,4.85
2014/08/01,20:30,6.7,7.4,4.8,4.85,4.85,4.85
2014/08/01,20:35,6.65,7.4,4.8,4.85,4.8,4.85
2014/08/01,20:40,6.65,7.5,4.75,4.85,4.85,4.9
2014/08/01,20:45,6.6,7.55,4.75,4.85,4.85,4.85
2014/08/01,20:50,6.6,7.55,4.75,4.85,4.85,4.8
2014/08/01,20:55,6.6,7.55,4.8,4.85,4.8,4.8
2014/08/01,21:00,6.6,7.6,4.75,4.85,4.85,4.85
2014/08/01,21:05,6.55,7.7,4.8,4.85,4.85,4.85
2014/08/01,21:10,6.6,7.7,4.8,4.85,4.85,4.85
2014/08/01,21:15,6.6,7.7,4.75,4.85,4.85,4.85
2014/08/01,21:20,6.55,7.8,4.8,4.85,4.85,4.85
2014/08/01,21:25,6.55,7.75,4.8,4.85,4.85,4.9
2014/08/01,21:30,6.55,7.8,4.8,4.85,4.85,4.9
2014/08/01,21:35,6.6,7.85,4.85,4.85,4.85,4.9
2014/08/01,21:40,6.6,7.85,4.85,4.85,4.85,4.95
2014/08/01,21:45,6.6,7.85,4.8,4.85,4.85,4.9
2014/08/01,21:50,6.6,7.85,4.85,4.9,4.85,4.95
2014/08/01,21:55,6.6,7.9,4.85,4.9,4.85,4.95
2014/08/01,22:00,6.65,7.9,4.85,4.9,4.85,4.95
2014/08/01,22:05,6.65,7.9,4.95,4.9,4.85,4.95
2014/08/01,22:10,6.65,7.9,4.95,4.9,4.85,5
2014/08/01,22:15,6.7,7.95,5,4.9,4.85,5
2014/08/01,22:20,6.65,7.95,4.95,4.95,4.85,5.05
2014/08/01,22:25,6.65,7.95,5,4.9,4.85,5.05
2014/08/01,22:30,6.7,7.95,5.05,4.95,4.9,5
2014/08/01,22:35,6.7,7.95,5.1,4.95,4.9,5.05
2014/08/01,22:40,6.7,7.95,5.15,4.9,4.85,5.05
2014/08/01,22:45,6.75,8,5.2,4.95,4.9,5.05
2014/08/01,22:50,6.8,8,5.25,4.95,4.9,5.05
2014/08/01,22:55,6.8,8,5.3,4.95,4.9,5.05
2014/08/01,23:00,6.8,8,5.4,4.95,4.85,5.1
2014/08/01,23:05,6.85,8,5.45,4.95,4.85,5.1
2014/08/01,23:10,6.85,8.05,5.55,4.95,4.85,5.05
2014/08/01,23:15,6.85,8,5.7,4.95,4.9,5.1
2014/08/01,23:20,6.9,8,5.75,4.9,4.85,5.1
2014/08/01,23:25,6.9,8,5.9,4.95,4.85,5.1
2014/08/01,23:30,6.9,8,6,4.95,4.9,5.1
2014/08/01,23:35,6.95,8.05,6.1,4.95,4.9,5.1
2014/08/01,23:40,6.95,8.05,6.2,4.95,4.85,5.05
2014/08/01,23:45,6.95,8.05,6.3,4.95,4.85,5.1
2014/08/01,23:50,6.9,8.05,6.4,4.95,4.9,5.1
2014/08/01,23:55,6.95,8.05,6.45,4.95,4.9,5.1
2014/08/02,00:00,6.95,8.05,6.5,4.95,4.9,5.1
2014/08/02,00:05,7,8.05,6.6,4.95,4.85,5.1
2014/08/02,00:10,7,8.05,6.65,4.95,4.85,5.1
2014/08/02,00:15,7.05,8.2,6.75,6.3,6.7,5.75
2014/08/02,00:20,7.2,8.35,6.8,7.75,8.25,6.55
2014/08/02,00:25,7.2,8.35,6.9,7.35,7.05,6.45
2014/08/02,00:30,7.15,8.25,6.95,6.35,6.5,6.15
2014/08/02,00:35,7.15,8.2,6.95,6.15,6.25,6
2014/08/02,00:40,7.15,8.2,7,5.95,6.1,5.9
2014/08/02,00:45,7.15,8.2,7.05,5.9,5.95,5.85
2014/08/02,00:50,7.15,8.2,7.1,5.8,5.85,5.75
2014/08/02,00:55,7.15,8.15,7.15,5.75,5.75,5.75
2014/08/02,01:00,7.2,8.15,7.2,5.7,5.6,5.65
2014/08/02,01:05,7.15,8.2,7.25,5.65,5.5,5.6
2014/08/02,01:10,7.15,8.15,7.25,5.6,5.5,5.6
2014/08/02,01:15,7.15,8.15,7.3,5.55,5.4,5.6
2014/08/02,01:20,7.15,8.15,7.3,5.45,5.35,5.5
2014/08/02,01:25,7.15,8.15,7.4,5.45,5.25,5.5
2014/08/02,01:30,7.15,8.15,7.4,5.35,5.25,5.45
2014/08/02,01:35,7.15,8.15,7.45,5.35,5.25,5.45
2014/08/02,01:40,7.2,8.15,7.45,5.35,5.15,5.45
2014/08/02,01:45,7.2,8.15,7.5,5.25,5.15,5.4
2014/08/02,01:50,7.2,8.15,7.5,5.25,5.15,5.4
2014/08/02,01:55,7.2,8.15,7.55,5.25,5.1,5.4
2014/08/02,02:00,7.2,8.1,7.55,5.2,5.05,5.4
2014/08/02,02:05,7.2,8.1,7.55,5.2,5.05,5.4
2014/08/02,02:10,7.15,8.1,7.6,5.2,5.05,5.3
2014/08/02,02:15,7.15,8.1,7.6,5.2,5.05,5.35
2014/08/02,02:20,7.15,8.1,7.6,5.15,5.05,5.3
2014/08/02,02:25,7.15,8.1,7.65,5.15,5.05,5.3
2014/08/02,02:30,7.15,8.1,7.65,5.1,4.95,5.3
2014/08/02,02:35,7.15,8.1,7.7,5.1,4.95,5.3
2014/08/02,02:40,7.15,8.1,7.7,5.1,4.95,5.3
2014/08/02,02:45,7.15,8.05,7.7,5.1,4.95,5.25
2014/08/02,02:50,7.15,8.05,7.75,5.05,4.95,5.3
2014/08/02,02:55,7.15,8.05,7.75,5.1,4.95,5.25
2014/08/02,03:00,7.15,8.05,7.75,5.1,4.95,5.25
2014/08/02,03:05,7.15,8.05,7.75,5,4.95,5.25
2014/08/02,03:10,7.15,8.05,7.8,5.05,4.95,5.25
2014/08/02,03:15,7.2,8.05,7.8,5.1,4.95,5.25
2014/08/02,03:20,7.2,8.05,7.85,5.1,4.95,5.3
2014/08/02,03:25,7.2,8.05,7.85,5.05,4.95,5.25
2014/08/02,03:30,7.15,8,7.85,5.1,4.9,5.3
2014/08/02,03:35,7.15,8.05,7.85,5.05,4.9,5.3
2014/08/02,03:40,7.15,8.05,7.85,5.05,4.95,5.3
2014/08/02,03:45,7.15,8.05,7.85,5.05,4.95,5.3
2014/08/02,03:50,7.1,8,7.85,5.05,5,5.3
2014/08/02,03:55,7.1,8.05,7.85,5.05,4.95,5.3
2014/08/02,04:00,7.15,8.05,7.9,5.05,4.9,5.3
2014/08/02,04:05,7.1,8.05,7.9,5,4.9,5.3
2014/08/02,04:10,7.1,8.05,7.9,5,4.9,5.25
2014/08/02,04:15,7.15,8.05,7.9,5.05,4.9,5.3
2014/08/02,04:20,7.15,8.05,7.9,5.05,4.9,5.3
2014/08/02,04:25,7.1,8.05,7.95,5.05,4.9,5.3
2014/08/02,04:30,7.1,8.05,7.95,5,4.9,5.25
2014/08/02,04:35,7.1,8.05,7.95,5,4.9,5.3
2014/08/02,04:40,7.15,8.05,7.95,5,4.9,5.3
2014/08/02,04:45,7.15,8.05,8,5,4.9,5.3
2014/08/02,04:50,7.1,8.05,8,5,4.9,5.3
2014/08/02,04:55,7.1,8.05,8,5.05,4.9,5.3
2014/08/02,05:00,7.1,8.05,8,5.05,4.9,5.3
2014/08/02,05:05,7.1,8.05,8.05,5.05,4.9,5.3
2014/08/02,05:10,7.2,8.05,8.05,5,4.95,5.3
2014/08/02,05:15,7.2,8.05,8.05,5.05,5,5.3
2014/08/02,05:20,7.2,8.05,8.05,5.05,4.95,5.3
2014/08/02,05:25,7.2,8.05,8.05,5,4.95,5.3
2014/08/02,05:30,7.2,8.05,8.05,5.05,5,5.3
2014/08/02,05:35,7.2,8.05,8.05,5.05,4.95,5.3
2014/08/02,05:40,7.2,8.05,8.05,5.05,4.95,5.35
2014/08/02,05:45,7.2,8.1,8.1,5.05,4.95,5.35
2014/08/02,05:50,7.2,8.1,8.1,5.05,5,5.3
2014/08/02,05:55,7.2,8.1,8.1,5.05,5,5.3
2014/08/02,06:00,7.2,8.1,8.1,5.05,5,5.4
2014/08/02,06:05,7.2,8.05,8.1,5.05,5,5.4
2014/08/02,06:10,7.2,8.1,8.1,5.1,5,5.4
2014/08/02,06:15,7.2,8.1,8.15,5.1,5,5.35
2014/08/02,06:20,7.2,8.05,8.15,5.1,5,5.35
2014/08/02,06:25,7.2,8.1,8.15,5.1,5,5.35
2014/08/02,06:30,7.2,8.1,8.15,4.9,4.65,5.25
2014/08/02,06:35,7.25,8.1,8.15,5.2,5.2,5.5
2014/08/02,06:40,7.25,8.1,8.2,5.15,5.1,5.45
2014/08/02,06:45,7.25,8.1,8.2,5.15,5.1,5.5
2014/08/02,06:50,7.25,8.1,8.2,5.2,5.1,5.5
2014/08/02,06:55,7.25,8.1,8.2,5.15,5.05,5.5
2014/08/02,07:00,7.3,8.1,8.2,5.15,5.05,5.55
2014/08/02,07:05,7.3,8.1,8.25,5.15,5.05,5.55
2014/08/02,07:10,7.3,8.1,8.25,5.15,5,5.5
2014/08/02,07:15,7.35,8.1,8.3,5.15,5,5.5
2014/08/02,07:20,7.4,8.1,8.3,5.15,5,5.5
2014/08/02,07:25,7.4,8.15,8.3,5.15,5,5.5
2014/08/02,07:30,7.4,8.1,8.3,5.2,5.1,5.6
2014/08/02,07:35,7.4,8.1,8.35,5.2,5.05,5.55
2014/08/02,07:40,7.45,8.1,8.35,5.2,5.05,5.55
2014/08/02,07:45,7.45,8.1,8.35,5.25,5.05,5.55
2014/08/02,07:50,7.45,8.15,8.4,5.25,5.05,5.65
2014/08/02,07:55,7.5,8.15,8.45,5.3,5.05,5.6
2014/08/02,08:00,7.6,8.15,8.5,5.4,5.05,5.65
2014/08/02,08:05,7.6,8.15,8.65,5.4,5.1,5.7
2014/08/02,08:10,7.65,8.2,8.65,5.45,5.15,5.7
2014/08/02,08:15,7.65,8.25,8.7,5.45,5.05,5.7
2014/08/02,08:20,7.7,8.25,8.8,5.45,5.15,5.7
2014/08/02,08:25,7.75,8.25,8.8,5.5,5.15,5.75
2014/08/02,08:30,7.8,8.25,8.85,5.45,5.15,5.75
2014/08/02,08:35,7.85,8.35,8.85,5.5,5.15,5.75
2014/08/02,08:40,7.95,8.35,8.9,5.55,5.2,5.8
2014/08/02,08:45,8,8.35,8.9,5.6,5.2,5.85
2014/08/02,08:50,8.05,8.4,8.95,5.55,5.2,5.85
2014/08/02,08:55,8.15,8.45,9,5.6,5.3,5.9
2014/08/02,09:00,8.2,8.5,9.05,5.6,5.3,5.9
2014/08/02,09:05,8.25,8.5,9.05,5.6,5.3,5.95
2014/08/02,09:10,8.35,8.55,9.1,5.65,5.35,5.95
2014/08/02,09:15,8.45,8.6,9.2,5.75,5.4,6
2014/08/02,09:20,8.55,8.65,9.25,5.75,5.4,6.05
2014/08/02,09:25,8.6,8.65,9.25,5.75,5.4,6.1
2014/08/02,09:30,8.65,8.7,9.3,5.75,5.45,6.15
2014/08/02,09:35,8.7,8.75,9.35,5.75,5.45,6.15
2014/08/02,09:40,8.8,8.8,9.4,5.8,5.45,6.15
2014/08/02,09:45,8.8,8.8,9.45,5.75,5.45,6.15
2014/08/02,09:50,8.9,8.85,9.5,5.8,5.45,6.2
2014/08/02,09:55,8.95,8.9,9.55,5.85,5.45,6.2
2014/08/02,10:00,9,8.9,9.6,5.85,5.45,6.25
2014/08/02,10:05,9.1,9,9.75,5.95,5.45,6.25
2014/08/02,10:10,9.2,9,9.85,5.95,5.45,6.25
2014/08/02,10:15,9.2,9,9.85,6,5.5,6.35
2014/08/02,10:20,9.3,9.05,9.95,6,5.5,6.3
2014/08/02,10:25,9.3,9.05,9.95,6.05,5.5,6.35
2014/08/02,10:30,9.45,9.1,10,6.15,5.55,6.35
2014/08/02,10:35,9.5,9.1,10.05,6.1,5.55,6.35
2014/08/02,10:40,9.5,9.15,10.05,6.1,5.6,6.4
2014/08/02,10:45,9.6,9.2,10.15,6.1,5.55,6.35
2014/08/02,10:50,9.6,9.2,10.2,6.1,5.6,6.4
2014/08/02,10:55,9.65,9.2,10.2,6.1,5.6,6.35
2014/08/02,11:00,9.75,9.25,10.2,6.15,5.6,6.4
2014/08/02,11:05,9.75,9.25,10.2,6.15,5.6,6.45
2014/08/02,11:10,9.85,9.3,10.2,6.15,5.6,6.4
2014/08/02,11:15,9.9,9.35,10.25,6.2,5.55,6.45
2014/08/02,11:20,10,9.4,10.3,6.2,5.65,6.55
2014/08/02,11:25,10,9.45,10.35,6.25,5.65,6.55
2014/08/02,11:30,10.1,9.45,10.45,6.25,5.65,6.55
2014/08/02,11:35,10.15,9.5,10.5,6.25,5.7,6.55
2014/08/02,11:40,10.15,9.5,10.5,6.25,5.75,6.6
2014/08/02,11:45,10.2,9.5,10.55,6.25,5.7,6.6
2014/08/02,11:50,10.25,9.6,10.55,6.35,5.7,6.65
2014/08/02,11:55,10.25,9.5,10.65,6.4,5.65,6.65
2014/08/02,12:00,10.3,9.6,10.65,6.4,5.7,6.65
2014/08/02,12:05,10.3,9.6,10.75,6.4,5.7,6.7
2014/08/02,12:10,10.3,9.6,10.75,6.4,5.75,6.75
2014/08/02,12:15,10.35,9.6,10.85,6.5,5.75,6.75
2014/08/02,12:20,10.4,9.65,10.9,6.5,5.75,6.8
2014/08/02,12:25,10.4,9.65,10.9,6.5,5.8,6.85
2014/08/02,12:30,10.45,9.65,11,6.55,5.8,6.85
2014/08/02,12:35,10.45,9.75,11,6.65,5.75,6.9
2014/08/02,12:40,10.45,9.75,11.05,6.6,5.85,6.95
2014/08/02,12:45,10.45,9.75,11.1,6.6,5.85,6.95
2014/08/02,12:50,10.5,9.75,11.15,6.6,5.85,7
2014/08/02,12:55,10.55,9.75,11.15,6.65,5.85,6.95
2014/08/02,13:00,10.55,9.75,11.2,6.65,5.85,7
2014/08/02,13:05,10.6,9.8,11.3,6.65,5.85,7
2014/08/02,13:10,10.65,9.8,11.3,6.65,5.85,7
2014/08/02,13:15,10.65,9.85,11.35,6.7,5.85,7.05
2014/08/02,13:20,10.65,9.85,11.35,6.7,5.85,7.05
2014/08/02,13:25,10.7,9.85,11.45,6.75,5.85,7.1
2014/08/02,13:30,10.7,9.8,11.5,6.8,5.85,7.1
2014/08/02,13:35,10.7,9.7,11.6,6.8,5.85,7.1
2014/08/02,13:40,10.75,9.7,11.7,6.8,5.85,7.1
2014/08/02,13:45,10.8,9.7,11.85,6.8,5.9,7.15
2014/08/02,13:50,10.85,9.75,11.95,6.8,5.85,7.15
2014/08/02,13:55,10.9,9.75,11.95,6.8,5.9,7.15
2014/08/02,14:00,10.95,9.8,12,6.85,5.9,7.15
2014/08/02,14:05,10.95,9.8,12.05,6.85,5.9,7.15
2014/08/02,14:10,11.05,9.8,12.1,6.85,5.95,7.15
2014/08/02,14:15,11.1,9.85,12.2,6.9,5.95,7.15
2014/08/02,14:20,11.1,9.85,12.25,6.9,5.95,7.15
2014/08/02,14:25,11.1,9.85,12.25,6.85,5.95,7.1
2014/08/02,14:30,11.2,9.9,12.2,6.85,5.95,7.1
2014/08/02,14:35,11.2,10,12.3,6.85,5.95,7.15
2014/08/02,14:40,11.3,10,12.3,6.85,5.95,7.15
2014/08/02,14:45,11.35,10.05,12.3,6.9,5.95,7.2
2014/08/02,14:50,11.35,10.1,12.35,6.85,5.95,7.2
2014/08/02,14:55,11.4,10.15,12.3,6.85,6,7.2
2014/08/02,15:00,11.45,10.15,12.35,6.85,6,7.2
2014/08/02,15:05,11.5,10.15,12.4,6.85,6,7.2
2014/08/02,15:10,11.55,10.2,12.5,6.95,6,7.2
2014/08/02,15:15,11.6,10.25,12.5,6.9,6,7.2
2014/08/02,15:20,11.6,10.25,12.6,6.95,6,7.25
2014/08/02,15:25,11.65,10.25,12.6,6.95,6,7.25
2014/08/02,15:30,11.7,10.25,12.6,7,6.05,7.25
2014/08/02,15:35,11.75,10.25,12.65,6.95,6.05,7.25
2014/08/02,15:40,11.8,10.3,12.65,6.95,6.05,7.3
2014/08/02,15:45,11.8,10.35,12.7,7,6,7.25
2014/08/02,15:50,11.9,10.35,12.7,7,5.95,7.25
2014/08/02,15:55,11.9,10.4,12.75,7,6.05,7.3
2014/08/02,16:00,11.9,10.4,12.8,7,6.05,7.3
2014/08/02,16:05,12,10.4,12.8,7,6.05,7.35
2014/08/02,16:10,12.05,10.45,12.8,7,6.05,7.3
2014/08/02,16:15,12.05,10.5,12.8,7.05,6.05,7.35
2014/08/02,16:20,12.1,10.5,12.85,7.05,6,7.35
2014/08/02,16:25,12.15,10.5,12.85,7.05,6.05,7.35
2014/08/02,16:30,12.15,10.55,12.85,7.05,6,7.15
2014/08/02,16:35,12.15,10.5,12.9,6.95,6.05,7.2
2014/08/02,16:40,12.2,10.5,12.9,7,6,7.2
2014/08/02,16:45,12.2,10.55,12.85,6.95,6,7.25
2014/08/02,16:50,12.2,10.55,12.85,7,6.05,7.25
2014/08/02,16:55,12.2,10.55,12.85,7.05,6.05,7.25
2014/08/02,17:00,12.25,10.6,12.9,6.9,6.05,7.3
2014/08/02,17:05,12.3,10.6,12.85,7,6.05,7.35
2014/08/02,17:10,12.25,10.55,12.9,7.05,6.1,7.35
2014/08/02,17:15,12.2,10.6,12.9,6.95,6.05,7.35
2014/08/02,17:20,12.2,10.6,12.95,7,6.05,7.3
2014/08/02,17:25,12.2,10.6,13,7,6,7.3
2014/08/02,17:30,12.2,10.55,13.05,7.05,6,7.25
2014/08/02,17:35,12.2,10.55,13.05,7.05,6,7.25
2014/08/02,17:40,12.15,10.55,13.1,7.05,5.95,7.25
2014/08/02,17:45,12.1,10.55,13.15,7.05,5.95,7.2
2014/08/02,17:50,12.1,10.55,13.15,7.05,5.9,7.15
2014/08/02,17:55,12.05,10.5,13.15,7,5.9,7.15
2014/08/02,18:00,12,10.55,13.2,6.95,5.9,7.1
2014/08/02,18:05,11.95,10.45,13.15,6.95,5.9,7
2014/08/02,18:10,11.95,10.45,13.15,6.9,5.8,6.95
2014/08/02,18:15,11.85,10.45,13.15,6.85,5.8,6.95
2014/08/02,18:20,11.75,10.4,13.1,6.8,5.8,6.9
2014/08/02,18:25,11.75,10.4,13,6.75,5.75,6.8
2014/08/02,18:30,11.65,10.35,13,6.7,5.75,6.8
2014/08/02,18:35,11.6,10.3,12.9,6.6,5.7,6.8
2014/08/02,18:40,11.6,10.3,12.85,6.6,5.6,6.7
2014/08/02,18:45,11.55,10.3,12.85,6.6,5.75,6.75
2014/08/02,18:50,11.5,10.25,12.8,6.5,5.7,6.7
2014/08/02,18:55,11.45,10.25,12.75,6.5,5.7,6.7
2014/08/02,19:00,11.45,10.25,12.65,6.45,5.6,6.65
2014/08/02,19:05,11.35,10.15,12.6,6.45,5.6,6.65
2014/08/02,19:10,11.3,10.1,12.55,6.4,5.6,6.6
2014/08/02,19:15,11.25,10.1,12.5,6.35,5.6,6.6
2014/08/02,19:20,11.2,10.1,12.45,6.35,5.55,6.55
2014/08/02,19:25,11.15,10.05,12.4,6.3,5.6,6.6
2014/08/02,19:30,11.1,10.05,12.4,6.25,5.55,6.55
2014/08/02,19:35,11.1,10,12.3,6.25,5.55,6.55
2014/08/02,19:40,11.05,10,12.3,6.25,5.5,6.55
2014/08/02,19:45,11,9.95,12.3,6.2,5.5,6.5
2014/08/02,19:50,11,9.95,12.25,6.2,5.5,6.5
2014/08/02,19:55,10.95,9.95,12.2,6.15,5.5,6.5
2014/08/02,20:00,10.9,9.85,12.15,6.15,5.5,6.55
2014/08/02,20:05,10.85,9.85,12.15,6.15,5.6,6.55
2014/08/02,20:10,10.85,9.85,12.1,6.1,5.5,6.45
2014/08/02,20:15,10.8,9.85,12,6.15,5.5,6.45
2014/08/02,20:20,10.75,9.85,12,6.15,5.5,6.45
2014/08/02,20:25,10.75,9.8,12,6.15,5.5,6.45
2014/08/02,20:30,10.75,9.75,11.9,6.15,5.5,6.45
2014/08/02,20:35,10.65,9.75,11.9,6.05,5.5,6.4
2014/08/02,20:40,10.65,9.75,11.85,6.1,5.5,6.4
2014/08/02,20:45,10.65,9.75,11.85,6.05,5.5,6.35
2014/08/02,20:50,10.55,9.7,11.8,6,5.5,6.3
2014/08/02,20:55,10.55,9.65,11.75,6,5.5,6.3
2014/08/02,21:00,10.45,9.65,11.7,6,5.4,6.3
2014/08/02,21:05,10.4,9.55,11.65,6,5.45,6.3
2014/08/02,21:10,10.4,9.55,11.65,6,5.4,6.3
2014/08/02,21:15,10.3,9.55,11.55,6,5.4,6.25
2014/08/02,21:20,10.3,9.5,11.45,5.9,5.4,6.2
2014/08/02,21:25,10.3,9.5,11.45,5.85,5.4,6.2
2014/08/02,21:30,10.2,9.4,11.4,5.85,5.35,6.2
2014/08/02,21:35,10.2,9.4,11.35,5.85,5.4,6.2
2014/08/02,21:40,10.1,9.4,11.3,5.85,5.35,6.2
2014/08/02,21:45,10.1,9.3,11.25,5.85,5.35,6.2
2014/08/02,21:50,10,9.3,11.25,5.8,5.3,6.1
2014/08/02,21:55,9.95,9.25,11.15,5.75,5.3,6.1
2014/08/02,22:00,9.9,9.25,11.1,5.8,5.3,6.1
2014/08/02,22:05,9.9,9.2,11.1,5.75,5.3,6.1
2014/08/02,22:10,9.85,9.15,11,5.7,5.25,6.05
2014/08/02,22:15,9.85,9.1,10.95,5.75,5.3,6.05
2014/08/02,22:20,9.75,9.1,10.95,5.75,5.3,6.05
2014/08/02,22:25,9.75,9.05,10.9,5.7,5.3,6.05
2014/08/02,22:30,9.75,9.05,10.85,5.7,5.25,6
2014/08/02,22:35,9.65,9,10.8,5.7,5.25,6
2014/08/02,22:40,9.65,8.95,10.75,5.7,5.25,6
2014/08/02,22:45,9.6,8.95,10.75,5.7,5.25,6
2014/08/02,22:50,9.55,8.95,10.75,5.65,5.25,6
2014/08/02,22:55,9.5,8.85,10.65,5.7,5.25,6
2014/08/02,23:00,9.5,8.85,10.65,5.6,5.2,5.95
2014/08/02,23:05,9.5,8.85,10.55,5.6,5.25,5.95
2014/08/02,23:10,9.4,8.85,10.5,5.65,5.25,5.9
2014/08/02,23:15,9.4,8.8,10.5,5.65,5.25,5.95
2014/08/02,23:20,9.4,8.75,10.5,5.6,5.2,5.9
2014/08/02,23:25,9.35,8.75,10.4,5.55,5.25,5.9
2014/08/02,23:30,9.35,8.75,10.4,5.6,5.2,5.9
2014/08/02,23:35,9.3,8.75,10.4,5.55,5.2,5.9
2014/08/02,23:40,9.3,8.7,10.3,5.6,5.2,5.85
2014/08/02,23:45,9.25,8.7,10.3,5.5,5.2,5.85
2014/08/02,23:50,9.25,8.7,10.3,5.5,5.2,5.85
2014/08/02,23:55,9.2,8.65,10.25,5.5,5.2,5.85
2014/08/03,00:00,9.2,8.65,10.2,5.5,5.2,5.85
2014/08/03,00:05,9.15,8.65,10.2,5.5,5.15,5.85
2014/08/03,00:10,9.05,8.6,10.15,5.45,5.15,5.8
2014/08/03,00:15,9.05,8.6,10.15,5.45,5.2,5.8
2014/08/03,00:20,9,8.55,10.05,5.5,5.15,5.8
2014/08/03,00:25,8.95,8.55,10.05,5.45,5.15,5.8
2014/08/03,00:30,8.95,8.5,10.05,5.45,5.1,5.75
2014/08/03,00:35,8.95,8.5,10,5.4,5.1,5.7
2014/08/03,00:40,8.85,8.5,9.95,5.45,5.15,5.7
2014/08/03,00:45,8.85,8.5,9.95,5.2,4.8,5.6
2014/08/03,00:50,8.85,8.5,9.85,5.45,5.15,5.7
2014/08/03,00:55,8.75,8.5,9.85,5.45,5.2,5.75
2014/08/03,01:00,8.8,8.4,9.85,5.45,5.15,5.75
2014/08/03,01:05,8.75,8.4,9.8,5.35,5.1,5.7
2014/08/03,01:10,8.65,8.4,9.75,5.4,5.1,5.7
2014/08/03,01:15,8.6,8.4,9.75,5.35,5.1,5.65
2014/08/03,01:20,8.6,8.35,9.75,5.35,5.1,5.65
2014/08/03,01:25,8.6,8.3,9.7,5.35,5.1,5.65
2014/08/03,01:30,8.5,8.3,9.65,5.35,5.1,5.65
2014/08/03,01:35,8.5,8.25,9.6,5.35,5.1,5.65
2014/08/03,01:40,8.5,8.25,9.55,5.3,5.05,5.6
2014/08/03,01:45,8.45,8.25,9.55,5.3,5.05,5.65
2014/08/03,01:50,8.4,8.25,9.55,5.3,5.05,5.6
2014/08/03,01:55,8.35,8.2,9.5,5.3,5.1,5.6
2014/08/03,02:00,8.35,8.2,9.45,5.25,5.05,5.6
2014/08/03,02:05,8.3,8.2,9.4,5.25,5,5.55
2014/08/03,02:10,8.25,8.1,9.4,5.25,5.05,5.55
2014/08/03,02:15,8.25,8.1,9.4,5.25,5.05,5.55
2014/08/03,02:20,8.2,8.1,9.35,5.25,5.05,5.55
2014/08/03,02:25,8.15,8.1,9.35,5.25,5,5.55
2014/08/03,02:30,8.15,8.1,9.3,5.2,5,5.5
2014/08/03,02:35,8.1,8.05,9.3,5.25,5,5.5
2014/08/03,02:40,8.1,8.05,9.3,5.2,5,5.45
2014/08/03,02:45,8.05,8.05,9.2,5.2,5,5.5
2014/08/03,02:50,8,8,9.15,5.2,5.05,5.5
2014/08/03,02:55,8,8,9.15,5.2,5.05,5.5
2014/08/03,03:00,8,8,9.15,5.2,5,5.45
2014/08/03,03:05,8,8,9.1,5.2,5,5.45
2014/08/03,03:10,7.9,7.95,9.05,5.2,5,5.4
2014/08/03,03:15,7.9,7.95,9.05,5.2,5,5.4
2014/08/03,03:20,7.85,7.95,9.05,5.2,4.95,5.4
2014/08/03,03:25,7.85,7.95,9.05,5.15,5,5.4
2014/08/03,03:30,7.8,7.9,9.05,5.2,5,5.4
2014/08/03,03:35,7.8,7.9,8.95,5.15,5,5.45
2014/08/03,03:40,7.8,7.9,8.95,5.15,4.95,5.4
2014/08/03,03:45,7.7,7.9,8.95,5.1,4.95,5.4
2014/08/03,03:50,7.7,7.9,8.95,5.1,4.95,5.4
2014/08/03,03:55,7.7,7.9,8.9,5.15,4.95,5.4
2014/08/03,04:00,7.7,7.85,8.9,5.1,4.95,5.35
2014/08/03,04:05,7.7,7.85,8.9,5.1,4.95,5.35
2014/08/03,04:10,7.65,7.8,8.9,5.1,4.95,5.35
2014/08/03,04:15,7.6,7.8,8.85,5.15,5,5.35
2014/08/03,04:20,7.6,7.8,8.85,5.1,4.95,5.35
2014/08/03,04:25,7.6,7.8,8.8,5.1,4.95,5.35
2014/08/03,04:30,7.6,7.75,8.8,5.15,4.95,5.35
2014/08/03,04:35,7.6,7.7,8.8,5.1,4.95,5.35
2014/08/03,04:40,7.55,7.75,8.75,5.1,4.9,5.35
2014/08/03,04:45,7.5,7.7,8.7,5.1,4.9,5.35
2014/08/03,04:50,7.5,7.7,8.7,5.1,4.95,5.35
2014/08/03,04:55,7.5,7.7,8.65,5.1,5,5.35
2014/08/03,05:00,7.45,7.7,8.65,5.1,4.9,5.35
2014/08/03,05:05,7.45,7.7,8.65,5.1,4.9,5.3
2014/08/03,05:10,7.4,7.6,8.65,5.1,4.9,5.3
2014/08/03,05:15,7.3,7.65,8.65,5.1,4.9,5.3
2014/08/03,05:20,7.3,7.6,8.75,5.1,4.9,5.4
2014/08/03,05:25,7.25,7.6,8.7,5.1,4.9,5.4
2014/08/03,05:30,7.2,7.6,8.65,5.1,4.95,5.4
2014/08/03,05:35,7.2,7.55,8.7,5.1,4.9,5.4
2014/08/03,05:40,7.15,7.55,8.65,5.1,4.95,5.45
2014/08/03,05:45,7.2,7.55,8.7,5.1,4.95,5.45
2014/08/03,05:50,7.2,7.55,8.65,5.05,4.9,5.5
2014/08/03,05:55,7.25,7.6,8.65,5.1,4.95,5.45
2014/08/03,06:00,7.25,7.6,8.65,5.15,5,5.5
2014/08/03,06:05,7.25,7.6,8.65,5.15,5,5.5
2014/08/03,06:10,7.35,7.6,8.75,5.15,5.05,5.55
2014/08/03,06:15,7.35,7.6,8.8,5.15,5,5.55
2014/08/03,06:20,7.35,7.6,8.8,5.15,5.05,5.55
2014/08/03,06:25,7.4,7.6,8.8,5.2,5,5.6
2014/08/03,06:30,7.4,7.6,8.8,5.25,5.1,5.6
2014/08/03,06:35,7.4,7.55,8.85,5.3,5.05,5.6
2014/08/03,06:40,7.4,7.55,8.8,5.3,5.05,5.6
2014/08/03,06:45,7.4,7.6,8.8,5.35,5.1,5.6
2014/08/03,06:50,7.4,7.55,8.8,5.15,5,5.55
2014/08/03,06:55,7.5,7.55,8.85,5.45,5.35,5.75
2014/08/03,07:00,7.5,7.55,8.85,5.45,5.2,5.75
2014/08/03,07:05,7.5,7.55,8.85,5.4,5.1,5.75
2014/08/03,07:10,7.5,7.5,8.9,5.4,5.15,5.75
2014/08/03,07:15,7.6,7.55,8.9,5.45,5.15,5.75
2014/08/03,07:20,7.6,7.45,8.95,5.5,5.15,5.75
2014/08/03,07:25,7.6,7.5,8.9,5.55,5.15,5.75
2014/08/03,07:30,7.7,7.5,8.9,5.55,5.15,5.8
2014/08/03,07:35,7.7,7.5,8.9,5.55,5.15,5.75
2014/08/03,07:40,7.8,7.6,8.95,5.5,5.15,5.8
2014/08/03,07:45,7.9,7.55,9.05,5.6,5.15,5.85
2014/08/03,07:50,8,7.55,9.1,5.7,5.25,5.85
2014/08/03,07:55,8,7.6,9.1,5.7,5.2,5.85
2014/08/03,08:00,8.1,7.6,9.15,5.7,5.25,5.85
2014/08/03,08:05,8.2,7.65,9.15,5.65,5.25,5.85
2014/08/03,08:10,8.25,7.65,9.2,5.75,5.3,5.9
2014/08/03,08:15,8.35,7.65,9.25,5.75,5.25,5.95
2014/08/03,08:20,8.45,7.7,9.15,5.8,5.25,5.95
2014/08/03,08:25,8.5,7.7,9.2,5.75,5.3,5.95
2014/08/03,08:30,8.6,7.8,9.3,5.75,5.3,6
2014/08/03,08:35,8.7,7.8,9.4,5.8,5.3,6.05
2014/08/03,08:40,8.7,7.8,9.5,5.95,5.35,6.05
2014/08/03,08:45,8.85,7.8,9.55,6,5.4,6.05
2014/08/03,08:50,8.9,7.9,9.6,6,5.4,6.1
2014/08/03,08:55,9,7.95,9.65,6,5.4,6.1
2014/08/03,09:00,9.1,7.95,9.7,6.1,5.45,6.15
2014/08/03,09:05,9.15,8.05,9.75,6.05,5.4,6.15
2014/08/03,09:10,9.2,8.05,9.8,6.1,5.4,6.15
2014/08/03,09:15,9.3,8.1,9.9,6.1,5.4,6.25
2014/08/03,09:20,9.4,8.15,9.9,6.2,5.45,6.25
2014/08/03,09:25,9.45,8.25,9.95,6.15,5.45,6.25
2014/08/03,09:30,9.55,8.25,10.05,6.15,5.5,6.25
2014/08/03,09:35,9.65,8.35,10.1,6.2,5.5,6.35
2014/08/03,09:40,9.7,8.4,10.15,6.25,5.55,6.35
2014/08/03,09:45,9.8,8.4,10.2,6.2,5.55,6.35
2014/08/03,09:50,9.9,8.45,10.3,6.3,5.55,6.4
2014/08/03,09:55,10,8.45,10.35,6.35,5.55,6.45
2014/08/03,10:00,10,8.5,10.45,6.25,5.6,6.45
2014/08/03,10:05,10.1,8.55,10.15,6.2,5.55,6.55
2014/08/03,10:10,10.2,8.6,9.85,6.35,5.55,6.55
2014/08/03,10:15,10.25,8.7,9.75,6.45,5.6,6.55
2014/08/03,10:20,10.35,8.7,9.8,6.5,5.6,6.55
2014/08/03,10:25,10.4,8.75,9.85,6.55,5.6,6.6
2014/08/03,10:30,10.5,8.85,9.9,6.5,5.65,6.6
2014/08/03,10:35,10.55,8.9,9.95,6.55,5.65,6.65
2014/08/03,10:40,10.6,8.95,10,6.6,5.6,6.65
2014/08/03,10:45,10.7,9,10.05,6.55,5.7,6.65
2014/08/03,10:50,10.75,9,10.15,6.55,5.7,6.65
2014/08/03,10:55,10.85,9.1,10.2,6.5,5.65,6.7
2014/08/03,11:00,10.95,9.1,10.25,6.7,5.7,6.7
2014/08/03,11:05,11,9.2,10.35,6.55,5.7,6.7
2014/08/03,11:10,11.05,9.25,10.5,6.7,5.7,6.75
2014/08/03,11:15,11.1,9.3,10.5,6.65,5.7,6.75
2014/08/03,11:20,11.2,9.35,10.55,6.65,5.7,6.75
2014/08/03,11:25,11.3,9.35,10.55,6.85,5.75,6.8
2014/08/03,11:30,11.35,9.45,10.7,6.85,5.75,6.85
2014/08/03,11:35,11.4,9.45,10.75,6.85,5.75,6.85
2014/08/03,11:40,11.5,9.5,10.75,6.9,5.75,6.85
2014/08/03,11:45,11.55,9.5,10.85,6.9,5.75,6.85
2014/08/03,11:50,11.65,9.6,10.9,6.85,5.75,6.85
2014/08/03,11:55,11.7,9.65,10.95,6.75,5.8,6.9
2014/08/03,12:00,11.7,9.65,11,6.8,5.75,6.9
2014/08/03,12:05,11.8,9.7,11.05,6.8,5.75,6.9
2014/08/03,12:10,11.8,9.7,11.1,6.8,5.75,6.9
2014/08/03,12:15,11.85,9.8,11.1,6.75,5.75,6.95
2014/08/03,12:20,11.9,9.8,11.15,6.85,5.75,6.95
2014/08/03,12:25,11.95,9.8,11.2,6.8,5.8,7
2014/08/03,12:30,12,9.8,11.2,6.75,5.8,7
2014/08/03,12:35,12,9.9,11.25,6.9,5.8,7.05
2014/08/03,12:40,12.05,9.9,11.25,7.1,5.8,7.05
2014/08/03,12:45,12.05,9.95,11.3,7.1,5.85,7.1
2014/08/03,12:50,12.1,10,11.35,7,5.8,7.1
2014/08/03,12:55,12.15,10,11.45,7,5.9,7.05
2014/08/03,13:00,12.2,10.1,11.4,7.15,5.75,7.1
2014/08/03,13:05,12.2,10.15,11.45,7.05,5.95,7.2
2014/08/03,13:10,12.3,10.15,11.5,7,5.95,7.15
2014/08/03,13:15,12.35,10.15,11.5,6.95,5.9,7.1
2014/08/03,13:20,12.35,10.25,11.5,7.05,5.9,7.1
2014/08/03,13:25,12.45,10.25,11.6,6.95,5.9,7.1
2014/08/03,13:30,12.5,10.35,11.6,7.05,5.95,7.15
2014/08/03,13:35,12.5,10.35,11.65,7.05,5.95,7.15
2014/08/03,13:40,12.6,10.35,11.7,7.1,5.95,7.15
2014/08/03,13:45,12.65,10.4,11.65,7.05,5.95,7.15
2014/08/03,13:50,12.7,10.5,11.65,7,5.95,7.2
2014/08/03,13:55,12.75,10.45,11.7,7.05,5.95,7.2
2014/08/03,14:00,12.75,10.5,11.7,7.05,5.9,7.2
2014/08/03,14:05,12.85,10.55,11.7,7.1,5.9,7.2
2014/08/03,14:10,12.9,10.55,11.75,7.1,5.95,7.2
2014/08/03,14:15,12.95,10.55,11.75,7.1,5.95,7.2
2014/08/03,14:20,13,10.65,11.75,7,5.95,7.2
2014/08/03,14:25,13,10.65,11.75,7.1,5.9,7.2
2014/08/03,14:30,13.1,10.65,11.8,7,5.95,7.2
2014/08/03,14:35,13.15,10.7,11.8,7.1,5.95,7.25
2014/08/03,14:40,13.15,10.75,11.85,7.1,6,7.25
2014/08/03,14:45,13.2,10.75,11.9,7.15,6,7.25
2014/08/03,14:50,13.25,10.75,11.9,7.2,6,7.25
2014/08/03,14:55,13.25,10.8,11.9,7.2,6,7.25
2014/08/03,15:00,13.35,10.8,11.95,7.25,6,7.25
2014/08/03,15:05,13.35,10.8,11.95,7.25,6,7.3
2014/08/03,15:10,13.4,10.9,12,7.1,6,7.25
2014/08/03,15:15,13.45,10.95,11.9,7.2,6,7.25
2014/08/03,15:20,13.5,10.95,11.95,7.25,6,7.35
2014/08/03,15:25,13.5,10.9,11.95,7.35,6.05,7.35
2014/08/03,15:30,13.55,10.9,12,7.2,6.05,7.4
2014/08/03,15:35,13.6,10.95,12,7.15,6,7.4
2014/08/03,15:40,13.6,10.95,12,7.1,6,7.4
2014/08/03,15:45,13.65,10.95,12,7.15,6,7.45
2014/08/03,15:50,13.7,10.95,12,7.3,6.05,7.5
2014/08/03,15:55,13.7,11,12.1,7.2,6.05,7.5
2014/08/03,16:00,13.8,11.05,12.1,7.35,6.05,7.55
2014/08/03,16:05,13.85,11.1,12.15,7.35,6.05,7.55
2014/08/03,16:10,13.85,11.15,12.2,7.25,6.05,7.55
2014/08/03,16:15,13.85,11.15,12.2,7.35,6.05,7.55
2014/08/03,16:20,13.85,11.15,12.25,7.3,6.05,7.55
2014/08/03,16:25,13.9,11.15,12.25,7.4,6.1,7.55
2014/08/03,16:30,13.9,11.25,12.3,7.25,6.05,7.55
2014/08/03,16:35,13.9,11.2,12.3,7.35,6.1,7.55
2014/08/03,16:40,13.95,11.25,12.35,7.35,6.1,7.55
2014/08/03,16:45,13.95,11.25,12.4,7.25,6.05,7.55
2014/08/03,16:50,14,11.25,12.4,7.35,6.1,7.55
2014/08/03,16:55,14,11.25,12.45,7.35,6.1,7.55
2014/08/03,17:00,14,11.25,12.45,7.25,6.05,7.55
2014/08/03,17:05,14.05,11.25,12.45,7.2,6.05,7.55
2014/08/03,17:10,14.05,11.25,12.45,7.35,6.05,7.6
2014/08/03,17:15,14.05,11.25,12.45,7.2,6.1,7.6
2014/08/03,17:20,14.05,11.25,12.45,7.2,6.1,7.6
2014/08/03,17:25,14.05,11.25,12.45,7.3,6.05,7.6
2014/08/03,17:30,14.05,11.25,12.45,7.3,6,7.6
2014/08/03,17:35,14.05,11.25,12.45,7.3,6.05,7.6
2014/08/03,17:40,13.95,11.2,12.45,7.3,6,7.6
2014/08/03,17:45,13.95,11.2,12.4,7.3,6,7.6
2014/08/03,17:50,13.95,11.15,12.4,7.3,5.95,7.6
2014/08/03,17:55,13.85,11.1,12.4,7.25,5.95,7.6
2014/08/03,18:00,13.85,11.1,12.4,7.15,5.95,7.55
2014/08/03,18:05,13.8,11.05,12.4,7.1,5.95,7.55
2014/08/03,18:10,13.75,11.05,12.3,7.2,5.85,7.55
2014/08/03,18:15,13.7,11,12.3,7.15,5.9,7.5
2014/08/03,18:20,13.65,11.05,12.3,7.05,5.85,7.45
2014/08/03,18:25,13.6,10.95,12.2,7.05,5.85,7.45
2014/08/03,18:30,13.55,10.95,12.2,7.05,5.8,7.4
2014/08/03,18:35,13.55,10.95,12.15,6.95,5.8,7.4
2014/08/03,18:40,13.45,10.95,12.2,6.95,5.8,7.4
2014/08/03,18:45,13.45,10.9,12.15,6.9,5.8,7.4
2014/08/03,18:50,13.35,10.85,12.15,6.95,5.75,7.35
2014/08/03,18:55,13.35,10.8,12.15,6.95,5.8,7.35
2014/08/03,19:00,13.3,10.8,12.1,7,5.8,7.35
2014/08/03,19:05,13.25,10.8,12.1,7,5.8,7.35
2014/08/03,19:10,13.2,10.7,12.1,6.95,5.8,7.35
2014/08/03,19:15,13.15,10.7,12.1,6.85,5.75,7.35
2014/08/03,19:20,13.1,10.65,12.05,6.9,5.75,7.3
2014/08/03,19:25,13.05,10.65,12.05,6.85,5.7,7.25
2014/08/03,19:30,13.05,10.6,12.05,6.9,5.7,7.3
2014/08/03,19:35,13,10.55,11.95,6.9,5.7,7.3
2014/08/03,19:40,12.95,10.55,12,6.8,5.65,7.2
2014/08/03,19:45,12.95,10.5,11.95,6.75,5.65,7.2
2014/08/03,19:50,12.9,10.45,11.9,6.8,5.65,7.2
2014/08/03,19:55,12.85,10.45,11.9,6.75,5.65,7.2
2014/08/03,20:00,12.8,10.45,11.85,6.75,5.65,7.2
2014/08/03,20:05,12.8,10.45,11.85,6.65,5.65,7.1
2014/08/03,20:10,12.75,10.4,11.85,6.65,5.65,7.15
2014/08/03,20:15,12.7,10.35,11.8,6.7,5.65,7.15
2014/08/03,20:20,12.65,10.35,11.8,6.65,5.6,7.1
2014/08/03,20:25,12.65,10.35,11.8,6.65,5.65,7.1
2014/08/03,20:30,12.6,10.25,11.75,6.7,5.65,7.1
2014/08/03,20:35,12.55,10.25,11.75,6.65,5.65,7.1
2014/08/03,20:40,12.55,10.25,11.75,6.6,5.6,7.1
2014/08/03,20:45,12.5,10.25,11.75,6.6,5.65,7.1
2014/08/03,20:50,12.5,10.2,11.7,6.5,5.65,7.1
2014/08/03,20:55,12.5,10.15,11.7,6.6,5.6,7.05
2014/08/03,21:00,12.4,10.15,11.7,6.55,5.6,7.05
2014/08/03,21:05,12.4,10.15,11.7,6.5,5.6,7.05
2014/08/03,21:10,12.35,10.1,11.7,6.45,5.6,7.05
2014/08/03,21:15,12.3,10.05,11.65,6.55,5.6,7.05
2014/08/03,21:20,12.3,10.05,11.65,6.45,5.5,7
2014/08/03,21:25,12.25,10.05,11.6,6.5,5.55,7.05
2014/08/03,21:30,12.2,9.95,11.6,6.45,5.55,7
2014/08/03,21:35,12.2,9.95,11.55,6.5,5.5,6.95
2014/08/03,21:40,12.2,9.95,11.55,6.45,5.5,6.95
2014/08/03,21:45,12.1,9.9,11.5,6.4,5.5,6.95
2014/08/03,21:50,12.1,9.85,11.5,6.45,5.5,6.95
2014/08/03,21:55,12.1,9.85,11.5,6.4,5.5,6.95
2014/08/03,22:00,12,9.75,11.5,6.45,5.5,6.95
2014/08/03,22:05,12,9.75,11.45,6.4,5.5,6.95
2014/08/03,22:10,12,9.75,11.45,6.3,5.5,6.95
2014/08/03,22:15,11.95,9.75,11.4,6.35,5.5,6.9
2014/08/03,22:20,11.95,9.7,11.35,6.35,5.5,6.9
2014/08/03,22:25,11.85,9.65,11.35,6.35,5.5,6.9
2014/08/03,22:30,11.85,9.65,11.35,6.35,5.5,6.9
2014/08/03,22:35,11.85,9.6,11.35,6.35,5.5,6.9
2014/08/03,22:40,11.8,9.6,11.3,6.35,5.5,6.85
2014/08/03,22:45,11.75,9.6,11.3,6.3,5.5,6.85
2014/08/03,22:50,11.75,9.55,11.3,6.35,5.5,6.85
2014/08/03,22:55,11.75,9.5,11.3,6.35,5.5,6.85
2014/08/03,23:00,11.7,9.5,11.3,6.25,5.5,6.85
2014/08/03,23:05,11.7,9.5,11.3,6.35,5.5,6.85
2014/08/03,23:10,11.6,9.45,11.25,6.35,5.5,6.85
2014/08/03,23:15,11.6,9.4,11.2,6.35,5.5,6.8
2014/08/03,23:20,11.6,9.4,11.2,6.3,5.4,6.8
2014/08/03,23:25,11.55,9.4,11.2,6.35,5.4,6.8
2014/08/03,23:30,11.55,9.4,11.2,6.25,5.4,6.8
2014/08/03,23:35,11.5,9.35,11.15,6.25,5.4,6.8
2014/08/03,23:40,11.5,9.3,11.15,6.3,5.45,6.8
2014/08/03,23:45,11.5,9.3,11.15,6.25,5.4,6.75
2014/08/03,23:50,11.45,9.3,11.15,6.15,5.4,6.75
2014/08/03,23:55,11.45,9.3,11.15,6.1,5.4,6.7
2014/08/04,00:00,11.35,9.3,11.1,6.2,5.4,6.7
2014/08/04,00:05,11.35,9.3,11.1,6.15,5.4,6.7
2014/08/04,00:10,11.35,9.2,11.1,6.2,5.4,6.7
2014/08/04,00:15,11.35,9.25,11.05,6.15,5.4,6.7
2014/08/04,00:20,11.3,9.2,11.05,6.2,5.4,6.7
2014/08/04,00:25,11.25,9.2,11.05,6.1,5.4,6.7
2014/08/04,00:30,11.25,9.2,11,6.15,5.4,6.7
2014/08/04,00:35,11.25,9.1,11,6.2,5.4,6.7
2014/08/04,00:40,11.2,9.05,11,6.25,5.4,6.7
2014/08/04,00:45,11.15,9,11,6.2,5.4,6.7
2014/08/04,00:50,11.15,9.05,10.9,6.2,5.35,6.6
2014/08/04,00:55,11.15,9.1,10.9,6.2,5.35,6.65
2014/08/04,01:00,11.1,9,10.9,6.15,5.35,6.6
2014/08/04,01:05,11.1,9.05,10.9,6.25,5.45,6.65
2014/08/04,01:10,11.1,9,10.9,6.2,5.45,6.65
2014/08/04,01:15,11.05,9,10.9,6.2,5.45,6.7
2014/08/04,01:20,11.05,9,10.9,6.15,5.4,6.6
2014/08/04,01:25,11,8.95,10.85,6.1,5.35,6.6
2014/08/04,01:30,11,8.9,10.85,6.15,5.35,6.6
2014/08/04,01:35,11,8.9,10.85,6.15,5.35,6.6
2014/08/04,01:40,10.95,8.9,10.85,6.1,5.35,6.6
2014/08/04,01:45,10.95,8.8,10.8,6.15,5.35,6.6
2014/08/04,01:50,10.95,8.85,10.75,6.05,5.35,6.55
2014/08/04,01:55,10.85,8.8,10.75,6.1,5.35,6.55
2014/08/04,02:00,10.85,8.8,10.75,6.05,5.35,6.55
2014/08/04,02:05,10.85,8.8,10.75,6,5.3,6.5
2014/08/04,02:10,10.85,8.8,10.75,6,5.3,6.5
2014/08/04,02:15,10.85,8.75,10.7,6.05,5.3,6.5
2014/08/04,02:20,10.8,8.75,10.65,6.05,5.3,6.5
2014/08/04,02:25,10.75,8.75,10.65,5.95,5.3,6.5
2014/08/04,02:30,10.75,8.75,10.65,6,5.3,6.5
2014/08/04,02:35,10.75,8.75,10.65,6,5.3,6.45
2014/08/04,02:40,10.7,8.7,10.6,5.9,5.3,6.45
2014/08/04,02:45,10.65,8.7,10.6,5.95,5.3,6.45
2014/08/04,02:50,10.65,8.65,10.6,5.95,5.3,6.4
2014/08/04,02:55,10.65,8.6,10.6,6,5.3,6.4
2014/08/04,03:00,10.65,8.6,10.6,5.9,5.3,6.4
2014/08/04,03:05,10.6,8.6,10.55,5.9,5.3,6.4
2014/08/04,03:10,10.55,8.55,10.5,5.9,5.25,6.4
2014/08/04,03:15,10.55,8.55,10.5,5.95,5.25,6.4
2014/08/04,03:20,10.55,8.55,10.5,5.95,5.25,6.4
2014/08/04,03:25,10.5,8.5,10.5,5.95,5.25,6.4
2014/08/04,03:30,10.45,8.5,10.5,5.9,5.25,6.4
2014/08/04,03:35,10.45,8.5,10.45,5.95,5.25,6.4
2014/08/04,03:40,10.4,8.45,10.45,5.9,5.25,6.4
2014/08/04,03:45,10.4,8.45,10.4,5.9,5.25,6.4
2014/08/04,03:50,10.4,8.45,10.45,5.9,5.2,6.4
2014/08/04,03:55,10.4,8.4,10.45,5.9,5.25,6.4
2014/08/04,04:00,10.35,8.4,10.4,5.9,5.2,6.4
2014/08/04,04:05,10.3,8.35,10.35,5.9,5.25,6.35
2014/08/04,04:10,10.3,8.35,10.3,5.85,5.2,6.35
2014/08/04,04:15,10.3,8.35,10.3,5.9,5.2,6.3
2014/08/04,04:20,10.25,8.3,10.25,5.9,5.2,6.3
2014/08/04,04:25,10.25,8.3,10.25,5.9,5.25,6.3
2014/08/04,04:30,10.2,8.25,10.25,5.9,5.2,6.3
2014/08/04,04:35,10.15,8.25,10.25,5.8,5.2,6.25
2014/08/04,04:40,10.15,8.25,10.15,5.8,5.2,6.25
2014/08/04,04:45,10.1,8.25,10.2,5.8,5.2,6.25
2014/08/04,04:50,10.05,8.25,10.2,5.8,5.25,6.25
2014/08/04,04:55,10.05,8.15,10.15,5.85,5.2,6.25
2014/08/04,05:00,10.05,8.15,10.1,5.8,5.2,6.25
2014/08/04,05:05,10,8.15,10.1,5.85,5.2,6.25
2014/08/04,05:10,10,8.1,10.1,5.85,5.2,6.25
2014/08/04,05:15,9.95,8.1,10.1,5.8,5.2,6.25
2014/08/04,05:20,9.95,8.05,10.1,5.75,5.2,6.25
2014/08/04,05:25,9.85,8.05,10.1,5.85,5.2,6.25
2014/08/04,05:30,9.85,8,10,5.8,5.2,6.25
2014/08/04,05:35,9.85,8,10,5.75,5.2,6.25
2014/08/04,05:40,9.85,8,10,5.8,5.2,6.25
2014/08/04,05:45,9.85,8,10,5.75,5.2,6.2
2014/08/04,05:50,9.75,7.95,10,5.75,5.2,6.25
2014/08/04,05:55,9.75,7.95,9.95,5.8,5.2,6.25
2014/08/04,06:00,9.75,7.9,9.95,5.8,5.2,6.2
2014/08/04,06:05,9.75,7.9,9.9,5.75,5.2,6.15
2014/08/04,06:10,9.65,7.9,9.9,5.75,5.2,6.15
2014/08/04,06:15,9.65,7.85,9.9,5.75,5.2,6.15
2014/08/04,06:20,9.65,7.85,9.85,5.75,5.2,6.15
2014/08/04,06:25,9.65,7.85,9.85,5.75,5.2,6.15
2014/08/04,06:30,9.6,7.85,9.85,5.75,5.2,6.15
2014/08/04,06:35,9.6,7.85,9.85,5.8,5.2,6.15
2014/08/04,06:40,9.55,7.8,9.85,5.7,5.2,6.15
2014/08/04,06:45,9.55,7.8,9.8,5.7,5.2,6.15
2014/08/04,06:50,9.55,7.75,9.8,5.75,5.2,6.15
2014/08/04,06:55,9.55,7.75,9.75,5.7,5.2,6.15
2014/08/04,07:00,9.55,7.75,9.75,5.7,5.2,6.15
2014/08/04,07:05,9.5,7.75,9.75,5.7,5.2,6.15
2014/08/04,07:10,9.45,7.8,9.7,5.8,5.25,6.2
2014/08/04,07:15,9.45,7.75,9.7,5.65,5.1,6.1
2014/08/04,07:20,9.45,7.75,9.7,5.8,5.3,6.2
2014/08/04,07:25,9.4,7.75,9.7,5.85,5.25,6.2
2014/08/04,07:30,9.4,7.75,9.7,5.75,5.2,6.2
2014/08/04,07:35,9.4,7.75,9.75,5.8,5.2,6.2
2014/08/04,07:40,9.4,7.75,9.75,5.8,5.15,6.2
2014/08/04,07:45,9.4,7.75,9.8,5.8,5.2,6.2
2014/08/04,07:50,9.45,7.75,9.85,5.85,5.2,6.2
2014/08/04,07:55,9.45,7.75,9.85,5.85,5.25,6.25
2014/08/04,08:00,9.45,7.8,9.9,5.9,5.2,6.25
2014/08/04,08:05,9.45,7.8,9.95,6,5.25,6.3
2014/08/04,08:10,9.45,7.75,10.05,6.05,5.25,6.3
2014/08/04,08:15,9.5,7.8,10.1,6.05,5.3,6.3
2014/08/04,08:20,9.5,7.8,10.15,6.15,5.3,6.35
2014/08/04,08:25,9.55,7.85,10.25,6.1,5.3,6.35
2014/08/04,08:30,9.55,7.85,10.3,6.15,5.3,6.4
2014/08/04,08:35,9.65,7.9,10.35,6.25,5.35,6.4
2014/08/04,08:40,9.65,7.9,10.45,6.3,5.4,6.45
2014/08/04,08:45,9.7,7.9,10.5,6.3,5.4,6.45
2014/08/04,08:50,9.75,7.9,10.6,6.35,5.4,6.45
2014/08/04,08:55,9.75,8,10.65,6.25,5.4,6.5
2014/08/04,09:00,9.8,8.05,10.7,6.25,5.4,6.5
2014/08/04,09:05,9.8,8.05,10.8,6.4,5.4,6.5
2014/08/04,09:10,9.9,8.15,10.8,6.3,5.4,6.5
2014/08/04,09:15,9.95,8.15,10.9,6.35,5.4,6.55
2014/08/04,09:20,9.95,8.15,10.95,6.45,5.4,6.55
2014/08/04,09:25,10,8.15,11.05,6.5,5.45,6.6
2014/08/04,09:30,10.05,8.2,11.1,6.4,5.45,6.6
2014/08/04,09:35,10.1,8.25,11.15,6.55,5.45,6.6
2014/08/04,09:40,10.15,8.25,11.2,6.5,5.5,6.6
2014/08/04,09:45,10.2,8.3,11.25,6.55,5.5,6.65
2014/08/04,09:50,10.2,8.3,11.3,6.5,5.5,6.65
2014/08/04,09:55,10.3,8.35,11.35,6.5,5.5,6.6
2014/08/04,10:00,10.35,8.4,11.4,6.55,5.5,6.7
2014/08/04,10:05,10.4,8.4,11.45,6.6,5.5,6.7
2014/08/04,10:10,10.45,8.5,11.45,6.55,5.5,6.7
2014/08/04,10:15,10.5,8.5,11.5,6.65,5.55,6.7
2014/08/04,10:20,10.55,8.5,11.55,6.65,5.55,6.75
2014/08/04,10:25,10.6,8.6,11.55,6.55,5.55,6.75
2014/08/04,10:30,10.6,8.6,11.55,6.55,5.55,6.75
2014/08/04,10:35,10.7,8.65,11.6,6.65,5.55,6.75
2014/08/04,10:40,10.75,8.65,11.55,6.7,5.55,6.8
2014/08/04,10:45,10.85,8.8,11.65,6.55,5.55,6.8
2014/08/04,10:50,10.85,8.8,11.65,6.6,5.55,6.85
2014/08/04,10:55,10.95,8.85,11.65,6.55,5.6,6.85
2014/08/04,11:00,11,8.9,11.65,6.6,5.65,6.8
2014/08/04,11:05,11,8.95,11.65,6.55,5.6,6.85
2014/08/04,11:10,11.1,9,11.65,6.6,5.65,6.9
2014/08/04,11:15,11.15,9.05,11.7,6.65,5.6,6.95
2014/08/04,11:20,11.25,9.1,11.7,6.65,5.7,7
2014/08/04,11:25,11.3,9.1,11.7,6.7,5.75,7.05
2014/08/04,11:30,11.4,9.2,11.75,6.65,5.7,7.05
2014/08/04,11:35,11.45,9.25,11.75,6.7,5.75,7.1
2014/08/04,11:40,11.5,9.25,11.8,6.8,5.75,7.1
2014/08/04,11:45,11.6,9.35,11.8,6.7,5.75,7.1
2014/08/04,11:50,11.65,9.4,11.8,6.7,5.75,7.1
2014/08/04,11:55,11.7,9.45,11.8,6.7,5.75,7.1
2014/08/04,12:00,11.75,9.45,11.85,6.8,5.75,7.1
2014/08/04,12:05,11.85,9.55,11.85,6.8,5.75,7.1
2014/08/04,12:10,11.9,9.55,11.85,6.85,5.8,7.15
2014/08/04,12:15,11.95,9.55,11.85,6.75,5.75,7.1
2014/08/04,12:20,12,9.65,11.9,6.85,5.75,7.15
2014/08/04,12:25,12.05,9.65,11.9,6.8,5.8,7.2
2014/08/04,12:30,12.1,9.7,11.9,6.8,5.85,7.2
2014/08/04,12:35,12.1,9.65,11.9,6.95,5.85,7.2
2014/08/04,12:40,12.2,9.7,11.95,6.95,5.85,7.25
2014/08/04,12:45,12.25,9.75,11.95,6.9,5.85,7.25
2014/08/04,12:50,12.25,9.8,11.95,7,5.9,7.25
2014/08/04,12:55,12.35,9.8,11.95,6.95,5.9,7.35
2014/08/04,13:00,12.4,9.9,12,7,5.9,7.35
2014/08/04,13:05,12.45,9.9,12.05,6.9,5.9,7.35
2014/08/04,13:10,12.5,9.95,12.05,6.9,5.9,7.35
2014/08/04,13:15,12.6,10.05,12.05,7.05,6,7.45
2014/08/04,13:20,12.6,10.15,12.05,7.05,6,7.45
2014/08/04,13:25,12.7,10.15,12.1,7.25,6.05,7.5
2014/08/04,13:30,12.85,10.2,12.15,7.15,6,7.5
2014/08/04,13:35,12.95,10.2,12.2,7.2,6,7.5
2014/08/04,13:40,12.95,10.3,12.2,7.15,6,7.5
2014/08/04,13:45,13.05,10.3,12.3,7.2,6,7.55
2014/08/04,13:50,13.15,10.35,12.3,7.35,6,7.6
2014/08/04,13:55,13.2,10.4,12.35,7.3,6,7.6
2014/08/04,14:00,13.3,10.45,12.4,7.25,6,7.6
2014/08/04,14:05,13.4,10.45,12.4,7.3,6,7.6
2014/08/04,14:10,13.45,10.55,12.45,7.4,6,7.6
2014/08/04,14:15,13.5,10.55,12.5,7.4,6,7.65
2014/08/04,14:20,13.55,10.65,12.5,7.25,6,7.6
2014/08/04,14:25,13.65,10.65,12.55,7.2,6,7.6
2014/08/04,14:30,13.7,10.65,12.6,7.4,5.95,7.65
2014/08/04,14:35,13.75,10.7,12.6,7.35,6,7.65
2014/08/04,14:40,13.8,10.7,12.65,7.35,5.95,7.6
2014/08/04,14:45,13.85,10.8,12.65,7.45,5.95,7.6
2014/08/04,14:50,13.95,10.8,12.7,7.45,5.95,7.6
2014/08/04,14:55,13.95,10.8,12.65,7.35,5.95,7.6
2014/08/04,15:00,14.05,10.85,12.7,7.3,5.95,7.55
2014/08/04,15:05,14.05,10.85,12.7,7.4,5.95,7.6
2014/08/04,15:10,14.1,10.9,12.75,7.45,5.95,7.6
2014/08/04,15:15,14.2,10.9,12.8,7.35,5.95,7.6
2014/08/04,15:20,14.2,10.9,12.8,7.45,6,7.6
2014/08/04,15:25,14.3,10.95,12.8,7.45,5.95,7.55
2014/08/04,15:30,14.3,10.95,12.85,7.45,6,7.55
2014/08/04,15:35,14.35,10.95,12.85,7.5,5.95,7.65
2014/08/04,15:40,14.4,10.95,12.85,7.55,5.95,7.6
2014/08/04,15:45,14.45,11.05,12.85,7.35,5.95,7.55
2014/08/04,15:50,14.45,11.05,12.9,7.35,5.95,7.55
2014/08/04,15:55,14.5,11,12.9,7.45,6,7.6
2014/08/04,16:00,14.55,11.1,12.9,7.45,5.95,7.6
2014/08/04,16:05,14.55,11.1,12.95,7.45,6,7.6
2014/08/04,16:10,14.6,11.1,13,7.4,5.95,7.6
2014/08/04,16:15,14.65,11.1,13,7.55,6,7.6
2014/08/04,16:20,14.7,11.1,13.05,7.55,6,7.6
2014/08/04,16:25,14.7,11.15,13.05,7.6,6,7.6
2014/08/04,16:30,14.75,11.15,13.05,7.55,6,7.6
2014/08/04,16:35,14.8,11.15,13.1,7.6,6,7.6
2014/08/04,16:40,14.8,11.15,13.1,7.55,6,7.6
2014/08/04,16:45,14.8,11.15,13.15,7.55,6,7.65
2014/08/04,16:50,14.8,11.15,13.15,7.55,6,7.6
2014/08/04,16:55,14.85,11.15,13.15,7.6,6,7.6
2014/08/04,17:00,14.85,11.15,13.2,7.6,6,7.55
2014/08/04,17:05,14.85,11.2,13.2,7.5,5.95,7.55
2014/08/04,17:10,14.85,11.2,13.2,7.45,6,7.55
2014/08/04,17:15,14.85,11.2,13.25,7.6,6,7.6
2014/08/04,17:20,14.85,11.2,13.25,7.6,5.9,7.55
2014/08/04,17:25,14.85,11.2,13.25,7.55,5.95,7.55
2014/08/04,17:30,14.8,11.2,13.25,7.3,5.9,7.5
2014/08/04,17:35,14.75,11.2,13.3,7.45,5.9,7.5
2014/08/04,17:40,14.7,11.1,13.25,7.45,5.9,7.5
2014/08/04,17:45,14.65,11.1,13.25,7.6,5.9,7.5
2014/08/04,17:50,14.6,11.1,13.25,7.4,5.9,7.5
2014/08/04,17:55,14.55,11.05,13.2,7.5,5.9,7.5
2014/08/04,18:00,14.5,11,13.2,7.5,5.9,7.5
2014/08/04,18:05,14.45,11,13.15,7.5,5.85,7.45
2014/08/04,18:10,14.4,10.95,13.1,7.4,5.8,7.4
2014/08/04,18:15,14.3,10.95,13.1,7.35,5.8,7.4
2014/08/04,18:20,14.25,10.9,13.05,7.35,5.8,7.35
2014/08/04,18:25,14.15,10.8,13,7.3,5.8,7.35
2014/08/04,18:30,14.1,10.75,13,7.3,5.8,7.3
2014/08/04,18:35,14.05,10.7,12.95,7.25,5.8,7.3
2014/08/04,18:40,13.95,10.7,12.9,7.2,5.7,7.25
2014/08/04,18:45,13.9,10.65,12.85,7,5.7,7.25
2014/08/04,18:50,13.8,10.65,12.8,6.95,5.75,7.2
2014/08/04,18:55,13.75,10.55,12.8,7.1,5.7,7.25
2014/08/04,19:00,13.7,10.5,12.7,6.95,5.7,7.2
2014/08/04,19:05,13.6,10.5,12.65,6.95,5.7,7.2
2014/08/04,19:10,13.55,10.5,12.65,6.95,5.7,7.2
2014/08/04,19:15,13.55,10.45,12.65,6.95,5.7,7.15
2014/08/04,19:20,13.5,10.5,12.55,7.15,5.8,7.25
2014/08/04,19:25,13.45,10.4,12.6,7.05,5.8,7.25
2014/08/04,19:30,13.45,10.4,12.65,7.15,5.8,7.25
2014/08/04,19:35,13.45,10.4,12.6,7,5.75,7.2
2014/08/04,19:40,13.4,10.4,12.6,7.05,5.75,7.15
2014/08/04,19:45,13.35,10.4,12.55,7,5.75,7.15
2014/08/04,19:50,13.3,10.3,12.6,7,5.75,7.2
2014/08/04,19:55,13.25,10.3,12.55,7,5.75,7.15
2014/08/04,20:00,13.25,10.3,12.55,6.9,5.75,7.1
2014/08/04,20:05,13.2,10.25,12.55,6.75,5.75,7.1
2014/08/04,20:10,13.2,10.25,12.5,6.75,5.75,7.1
2014/08/04,20:15,13.2,10.25,12.45,6.8,5.7,7.1
2014/08/04,20:20,13.1,10.25,12.4,6.8,5.7,7.1
2014/08/04,20:25,13.1,10.25,12.4,6.75,5.65,7.1
2014/08/04,20:30,13.1,10.25,12.35,6.75,5.65,7.05
2014/08/04,20:35,13.05,10.15,12.3,6.75,5.65,7
2014/08/04,20:40,13,10.15,12.3,6.7,5.65,7
2014/08/04,20:45,12.95,10.05,12.25,6.7,5.65,7
2014/08/04,20:50,12.9,10.05,12.2,6.75,5.6,7
2014/08/04,20:55,12.85,10.05,12.2,6.65,5.6,7
2014/08/04,21:00,12.85,10.05,12.2,6.65,5.6,7
2014/08/04,21:05,12.8,10,12.15,6.7,5.6,7
2014/08/04,21:10,12.75,9.95,12.1,6.7,5.6,6.95
2014/08/04,21:15,12.7,10,12.05,6.6,5.55,6.9
2014/08/04,21:20,12.7,9.95,12,6.6,5.5,6.9
2014/08/04,21:25,12.6,9.9,12,6.6,5.5,6.9
2014/08/04,21:30,12.6,9.9,12,6.6,5.5,6.9
2014/08/04,21:35,12.5,9.85,11.95,6.55,5.5,6.9
2014/08/04,21:40,12.5,9.85,11.9,6.55,5.5,6.9
2014/08/04,21:45,12.5,9.8,11.9,6.5,5.5,6.9
2014/08/04,21:50,12.45,9.8,11.85,6.5,5.5,6.9
2014/08/04,21:55,12.4,9.75,11.85,6.55,5.5,6.9
2014/08/04,22:00,12.4,9.75,11.8,6.45,5.5,6.9
2014/08/04,22:05,12.3,9.75,11.8,6.45,5.5,6.9
2014/08/04,22:10,12.3,9.7,11.8,6.45,5.5,6.85
2014/08/04,22:15,12.3,9.65,11.8,6.45,5.5,6.85
2014/08/04,22:20,12.2,9.6,11.75,6.45,5.5,6.9
2014/08/04,22:25,12.2,9.7,11.7,6.35,5.5,6.8
2014/08/04,22:30,12.2,9.6,11.7,6.35,5.5,6.8
2014/08/04,22:35,12.2,9.6,11.7,6.35,5.5,6.8
2014/08/04,22:40,12.15,9.6,11.65,6.35,5.45,6.8
2014/08/04,22:45,12.1,9.55,11.65,6.45,5.5,6.75
2014/08/04,22:50,12.1,9.55,11.65,6.4,5.45,6.75
2014/08/04,22:55,12.05,9.5,11.6,6.4,5.45,6.75
2014/08/04,23:00,12,9.45,11.6,6.4,5.4,6.75
2014/08/04,23:05,12,9.4,11.55,6.45,5.45,6.75
2014/08/04,23:10,12,9.4,11.5,6.35,5.45,6.75
2014/08/04,23:15,11.9,9.4,11.5,6.35,5.4,6.7
2014/08/04,23:20,11.9,9.4,11.5,6.3,5.4,6.7
2014/08/04,23:25,11.9,9.35,11.5,6.3,5.45,6.7
2014/08/04,23:30,11.8,9.3,11.5,6.3,5.45,6.7
2014/08/04,23:35,11.8,9.25,11.4,6.25,5.4,6.7
2014/08/04,23:40,11.8,9.25,11.35,6.25,5.4,6.7
2014/08/04,23:45,11.75,9.25,11.4,6.2,5.35,6.65
2014/08/04,23:50,11.7,9.2,11.35,6.25,5.35,6.7
2014/08/04,23:55,11.65,9.15,11.35,6.25,5.35,6.65
2014/08/05,00:00,11.65,9.15,11.3,6.3,5.35,6.65
2014/08/05,00:05,11.6,9.15,11.3,6.2,5.35,6.6
2014/08/05,00:10,11.6,9.1,11.3,6.2,5.35,6.6
2014/08/05,00:15,11.55,9.15,11.25,6.05,5.3,6.6
2014/08/05,00:20,11.55,9.05,11.25,6.15,5.3,6.6
2014/08/05,00:25,11.5,9.05,11.2,6.15,5.3,6.6
2014/08/05,00:30,11.5,9,11.15,6.15,5.3,6.6
2014/08/05,00:35,11.45,8.95,11.15,6.15,5.35,6.55
2014/08/05,00:40,11.45,8.95,11.15,6.15,5.35,6.55
2014/08/05,00:45,11.4,8.95,11.15,6.1,5.3,6.55
2014/08/05,00:50,11.35,8.95,11.1,6.05,5.3,6.5
2014/08/05,00:55,11.3,8.85,11.1,6.15,5.3,6.55
2014/08/05,01:00,11.3,8.85,11.1,6.15,5.3,6.5
2014/08/05,01:05,11.3,8.85,11.05,6.15,5.3,6.5
2014/08/05,01:10,11.25,8.8,11.05,6.15,5.35,6.5
2014/08/05,01:15,11.2,8.8,11,6.1,5.3,6.5
2014/08/05,01:20,11.2,8.7,11,6.15,5.3,6.55
2014/08/05,01:25,11.2,8.85,11,6.25,5.3,6.5
2014/08/05,01:30,11.15,8.7,11,6.15,5.45,6.5
2014/08/05,01:35,11.1,8.7,10.95,6.15,5.35,6.5
2014/08/05,01:40,11.1,8.7,10.95,6.1,5.3,6.45
2014/08/05,01:45,11.1,8.65,10.95,6.15,5.3,6.5
2014/08/05,01:50,11.05,8.65,10.9,6.05,5.3,6.45
2014/08/05,01:55,11,8.6,10.85,6.05,5.3,6.45
2014/08/05,02:00,11,8.65,10.85,6,5.25,6.45
2014/08/05,02:05,11,8.6,10.85,6,5.25,6.4
2014/08/05,02:10,11,8.6,10.85,6.05,5.25,6.4
2014/08/05,02:15,10.9,8.55,10.8,6.05,5.25,6.45
2014/08/05,02:20,10.9,8.55,10.8,6,5.25,6.35
2014/08/05,02:25,10.9,8.5,10.8,6.05,5.2,6.4
2014/08/05,02:30,10.85,8.5,10.75,5.95,5.25,6.35
2014/08/05,02:35,10.85,8.5,10.75,5.95,5.25,6.35
2014/08/05,02:40,10.8,8.5,10.75,6,5.25,6.4
2014/08/05,02:45,10.8,8.5,10.7,5.95,5.25,6.35
2014/08/05,02:50,10.8,8.5,10.7,5.9,5.25,6.35
2014/08/05,02:55,10.75,8.4,10.7,6,5.25,6.35
2014/08/05,03:00,10.7,8.4,10.65,5.95,5.25,6.35
2014/08/05,03:05,10.7,8.4,10.6,5.9,5.2,6.3
2014/08/05,03:10,10.7,8.4,10.6,5.9,5.2,6.3
2014/08/05,03:15,10.65,8.4,10.6,5.85,5.25,6.3
2014/08/05,03:20,10.65,8.3,10.6,5.95,5.2,6.35
2014/08/05,03:25,10.6,8.3,10.6,5.95,5.25,6.3
2014/08/05,03:30,10.6,8.3,10.55,5.95,5.25,6.25
2014/08/05,03:35,10.6,8.3,10.55,5.9,5.2,6.25
2014/08/05,03:40,10.55,8.3,10.55,5.85,5.15,6.25
2014/08/05,03:45,10.55,8.3,10.5,5.85,5.2,6.25
2014/08/05,03:50,10.5,8.25,10.5,5.85,5.2,6.25
2014/08/05,03:55,10.5,8.25,10.45,5.85,5.15,6.25
2014/08/05,04:00,10.5,8.2,10.45,5.8,5.2,6.25
2014/08/05,04:05,10.5,8.2,10.45,5.85,5.2,6.25
2014/08/05,04:10,10.45,8.2,10.45,5.85,5.15,6.25
2014/08/05,04:15,10.45,8.2,10.45,5.8,5.15,6.25
2014/08/05,04:20,10.4,8.2,10.45,5.85,5.15,6.25
2014/08/05,04:25,10.35,8.15,10.4,5.85,5.2,6.25
2014/08/05,04:30,10.35,8.2,10.4,5.8,5.2,6.2
2014/08/05,04:35,10.35,8.2,10.35,5.8,5.15,6.2
2014/08/05,04:40,10.35,8.1,10.35,5.85,5.15,6.25
2014/08/05,04:45,10.35,8.1,10.35,5.85,5.15,6.25
2014/08/05,04:50,10.25,8.1,10.35,5.8,5.15,6.2
2014/08/05,04:55,10.25,8.1,10.3,5.8,5.15,6.2
2014/08/05,05:00,10.25,8.1,10.3,5.8,5.15,6.15
2014/08/05,05:05,10.25,8.1,10.3,5.75,5.15,6.2
2014/08/05,05:10,10.25,8.05,10.25,5.8,5.15,6.15
2014/08/05,05:15,10.2,8,10.3,5.75,5.15,6.15
2014/08/05,05:20,10.15,8,10.3,5.7,5.15,6.2
2014/08/05,05:25,10.15,8,10.25,5.7,5.15,6.15
2014/08/05,05:30,10.15,8,10.25,5.7,5.15,6.2
2014/08/05,05:35,10.1,8,10.25,5.75,5.15,6.15
2014/08/05,05:40,10.1,8,10.2,5.7,5.15,6.15
2014/08/05,05:45,10.1,8,10.2,5.75,5.15,6.15
2014/08/05,05:50,10.05,8,10.2,5.75,5.15,6.15
2014/08/05,05:55,10.05,7.95,10.2,5.75,5.15,6.15
2014/08/05,06:00,10.05,7.9,10.2,5.75,5.15,6.15
2014/08/05,06:05,10.05,7.95,10.2,5.7,5.15,6.15
2014/08/05,06:10,10.05,7.9,10.1,5.7,5.15,6.15
2014/08/05,06:15,10,7.9,10.1,5.7,5.15,6.15
2014/08/05,06:20,10,7.9,10.1,5.7,5.15,6.15
2014/08/05,06:25,9.95,7.9,10.1,5.7,5.15,6.1
2014/08/05,06:30,9.95,7.85,10.1,5.7,5.15,6.1
2014/08/05,06:35,9.9,7.8,10.05,5.7,5.15,6.05
2014/08/05,06:40,9.9,7.8,10.05,5.65,5.15,6.1
2014/08/05,06:45,9.85,7.85,10,5.65,5.15,6.05
2014/08/05,06:50,9.85,7.8,10,5.7,5.1,6.05
2014/08/05,06:55,9.85,7.8,10,5.7,5.15,6.05
2014/08/05,07:00,9.85,7.8,10,5.65,5.1,6.05
2014/08/05,07:05,9.8,7.8,9.95,5.7,5.15,6.05
2014/08/05,07:10,9.75,7.8,9.95,5.65,5.15,6.05
2014/08/05,07:15,9.75,7.7,9.95,5.7,5.15,6.05
2014/08/05,07:20,9.75,7.7,9.9,5.65,5.1,6.05
2014/08/05,07:25,9.75,7.7,9.9,5.75,5.15,6.1
2014/08/05,07:30,9.75,7.8,9.9,5.85,5.2,6.1
2014/08/05,07:35,9.75,7.7,9.9,5.6,5.1,6.1
2014/08/05,07:40,9.75,7.7,9.9,5.85,5.3,6.25
2014/08/05,07:45,9.75,7.7,9.9,5.75,5.3,6.25
2014/08/05,07:50,9.75,7.7,9.9,5.75,5.25,6.2
2014/08/05,07:55,9.7,7.7,9.9,5.75,5.25,6.25
2014/08/05,08:00,9.7,7.7,9.9,5.8,5.25,6.35
2014/08/05,08:05,9.7,7.7,9.95,5.8,5.25,6.35
2014/08/05,08:10,9.75,7.7,9.95,5.8,5.25,6.4
2014/08/05,08:15,9.75,7.7,9.95,5.8,5.3,6.4
2014/08/05,08:20,9.75,7.75,10,5.85,5.3,6.45
2014/08/05,08:25,9.8,7.8,10,5.9,5.3,6.45
2014/08/05,08:30,9.8,7.8,10.05,5.95,5.4,6.55
2014/08/05,08:35,9.8,7.8,10.1,6.05,5.4,6.55
2014/08/05,08:40,9.85,7.8,10.2,6.15,5.4,6.6
2014/08/05,08:45,9.9,7.85,10.3,6.2,5.4,6.6
2014/08/05,08:50,9.9,7.9,10.4,6.25,5.4,6.65
2014/08/05,08:55,10,7.9,10.55,6.45,5.4,6.7
2014/08/05,09:00,10.05,8,10.75,6.45,5.45,6.7
2014/08/05,09:05,10.15,8,10.9,6.5,5.5,6.75
2014/08/05,09:10,10.2,8.1,11.05,6.6,5.5,6.8
2014/08/05,09:15,10.3,8.15,11.2,6.6,5.5,6.8
2014/08/05,09:20,10.35,8.15,11.35,6.75,5.5,6.9
2014/08/05,09:25,10.45,8.25,11.5,6.7,5.5,6.9
2014/08/05,09:30,10.5,8.3,11.6,6.7,5.55,6.9
2014/08/05,09:35,10.6,8.4,11.75,6.7,5.55,6.9
2014/08/05,09:40,10.65,8.45,11.9,6.8,5.55,6.95
2014/08/05,09:45,10.75,8.45,12,6.85,5.55,6.95
2014/08/05,09:50,10.9,8.6,12.15,6.9,5.6,7
2014/08/05,09:55,11,8.7,12.25,6.75,5.6,7
2014/08/05,10:00,11.05,8.7,12.3,6.9,5.7,7.05
2014/08/05,10:05,11.15,8.8,12.4,6.8,5.7,7.1
2014/08/05,10:10,11.25,8.85,12.5,6.9,5.7,7.1
2014/08/05,10:15,11.3,8.95,12.55,6.9,5.7,7.1
2014/08/05,10:20,11.4,9,12.65,6.9,5.7,7.1
2014/08/05,10:25,11.5,9.1,12.7,7,5.7,7.15
2014/08/05,10:30,11.6,9.1,12.75,7.05,5.7,7.15
2014/08/05,10:35,11.7,9.25,12.8,7,5.7,7.15
2014/08/05,10:40,11.8,9.3,12.9,7.2,5.75,7.2
2014/08/05,10:45,11.85,9.35,12.95,7.25,5.75,7.25
2014/08/05,10:50,12,9.4,13,7.05,5.8,7.25
2014/08/05,10:55,12,9.5,13.05,7.05,5.8,7.3
2014/08/05,11:00,12.1,9.6,13.05,7.2,5.8,7.3
2014/08/05,11:05,12.2,9.65,13.1,7.2,5.8,7.3
2014/08/05,11:10,12.3,9.75,13.15,7.1,5.85,7.35
2014/08/05,11:15,12.4,9.8,13.2,7.1,5.85,7.35
2014/08/05,11:20,12.5,9.85,13.2,7.15,5.85,7.35
2014/08/05,11:25,12.6,9.9,13.3,7.25,5.9,7.35
2014/08/05,11:30,12.65,9.95,13.3,7.15,5.85,7.35
2014/08/05,11:35,12.75,10.05,13.35,7.1,5.85,7.35
2014/08/05,11:40,12.8,10.15,13.35,7.05,5.9,7.35
2014/08/05,11:45,12.9,10.2,13.35,7.15,5.9,7.35
2014/08/05,11:50,13,10.25,13.35,7.05,5.9,7.4
2014/08/05,11:55,13.05,10.3,13.35,7.05,5.9,7.4
2014/08/05,12:00,13.15,10.35,13.35,7.1,5.9,7.4
2014/08/05,12:05,13.2,10.45,13.35,7.1,5.95,7.45
2014/08/05,12:10,13.25,10.5,13.3,7.2,5.95,7.45
2014/08/05,12:15,13.35,10.5,13.35,7.05,5.95,7.45
2014/08/05,12:20,13.4,10.55,13.35,7.2,5.95,7.45
2014/08/05,12:25,13.5,10.65,13.3,7.1,5.95,7.5
2014/08/05,12:30,13.55,10.65,13.35,7.2,5.95,7.5
2014/08/05,12:35,13.6,10.75,13.3,7.15,5.95,7.5
2014/08/05,12:40,13.7,10.8,13.3,7.15,5.95,7.5
2014/08/05,12:45,13.75,10.85,13.3,7.1,6,7.55
2014/08/05,12:50,13.85,10.85,13.3,7.25,6,7.55
2014/08/05,12:55,13.9,10.95,13.3,7.2,6,7.6
2014/08/05,13:00,13.9,11,13.3,7.15,6,7.6
2014/08/05,13:05,14.05,11.05,13.3,7.15,6.05,7.65
2014/08/05,13:10,14.1,11.15,13.3,7.15,6.1,7.65
2014/08/05,13:15,14.15,11.15,13.3,7.2,6.1,7.7
2014/08/05,13:20,14.2,11.25,13.35,7.2,6.05,7.7
2014/08/05,13:25,14.3,11.3,13.4,7.3,6.15,7.75
2014/08/05,13:30,14.35,11.3,13.4,7.3,6.15,7.75
2014/08/05,13:35,14.4,11.45,13.4,7.4,6.25,7.8
2014/08/05,13:40,14.5,11.45,13.4,7.45,6.25,7.9
2014/08/05,13:45,14.55,11.45,13.45,7.55,6.25,7.95
2014/08/05,13:50,14.65,11.55,13.4,7.5,6.2,7.95
2014/08/05,13:55,14.7,11.6,13.45,7.45,6.2,7.95
2014/08/05,14:00,14.75,11.65,13.45,7.4,6.2,7.95
2014/08/05,14:05,14.85,11.65,13.5,7.5,6.3,8
2014/08/05,14:10,14.9,11.75,13.5,7.35,6.25,8.05
2014/08/05,14:15,14.9,11.8,13.55,7.5,6.25,8.05
2014/08/05,14:20,15,11.9,13.55,7.6,6.25,8.1
2014/08/05,14:25,15.1,11.9,13.55,7.65,6.25,8.1
2014/08/05,14:30,15.1,11.95,13.6,7.45,6.25,8.15
2014/08/05,14:35,15.15,12,13.6,7.65,6.25,8.2
2014/08/05,14:40,15.2,12,13.65,7.7,6.25,8.2
2014/08/05,14:45,15.3,12.1,13.65,7.75,6.3,8.25
2014/08/05,14:50,15.3,12.15,13.65,7.75,6.3,8.25
2014/08/05,14:55,15.4,12.25,13.7,7.6,6.3,8.3
2014/08/05,15:00,15.4,12.3,13.7,7.7,6.3,8.35
2014/08/05,15:05,15.5,12.3,13.75,7.7,6.3,8.35
2014/08/05,15:10,15.55,12.35,13.75,7.75,6.3,8.35
2014/08/05,15:15,15.55,12.4,13.8,7.75,6.3,8.4
2014/08/05,15:20,15.6,12.45,13.9,7.85,6.35,8.4
2014/08/05,15:25,15.65,12.45,13.85,7.95,6.35,8.45
2014/08/05,15:30,15.75,12.5,13.9,7.8,6.35,8.45
2014/08/05,15:35,15.8,12.55,13.9,7.95,6.35,8.5
2014/08/05,15:40,15.8,12.6,13.95,7.9,6.35,8.5
2014/08/05,15:45,15.85,12.6,13.95,7.9,6.35,8.5
2014/08/05,15:50,15.85,12.7,14,7.85,6.35,8.55
2014/08/05,15:55,15.9,12.75,14,8,6.35,8.55
2014/08/05,16:00,15.9,12.75,14,7.95,6.35,8.6
2014/08/05,16:05,16.05,12.75,14.05,8.1,6.35,8.6
2014/08/05,16:10,16.05,12.8,14.05,8,6.35,8.6
2014/08/05,16:15,16.05,12.8,14.1,8.05,6.35,8.7
2014/08/05,16:20,16.1,12.85,14.1,8.1,6.35,8.65
2014/08/05,16:25,16.1,12.85,14.1,8.1,6.35,8.65
2014/08/05,16:30,16.1,12.85,14.1,8.05,6.4,8.65
2014/08/05,16:35,16.15,12.95,14.15,8,6.3,8.65
2014/08/05,16:40,16.15,12.95,14.15,8.1,6.35,8.65
2014/08/05,16:45,16.15,12.9,14.1,8.1,6.3,8.65
2014/08/05,16:50,16.15,12.9,14.15,8.2,6.3,8.65
2014/08/05,16:55,16.15,12.9,14.15,8.25,6.3,8.7
2014/08/05,17:00,16.15,12.9,14.15,8.3,6.3,8.7
2014/08/05,17:05,16.15,12.95,14.15,8.25,6.3,8.65
2014/08/05,17:10,16.1,12.95,14.2,8.15,6.3,8.65
2014/08/05,17:15,16.05,12.95,14.15,7.95,6.3,8.6
2014/08/05,17:20,16.05,12.95,14.15,8.05,6.3,8.6
2014/08/05,17:25,16,12.9,14.15,8.05,6.3,8.6
2014/08/05,17:30,15.95,12.9,14.15,8.25,6.25,8.55
2014/08/05,17:35,15.85,12.85,14.1,8.2,6.25,8.55
2014/08/05,17:40,15.8,12.75,14.05,8.15,6.25,8.5
2014/08/05,17:45,15.75,12.75,14,8.05,6.25,8.5
2014/08/05,17:50,15.65,12.75,14,8.1,6.2,8.4
2014/08/05,17:55,15.6,12.65,13.95,8.15,6.2,8.35
2014/08/05,18:00,15.55,12.65,13.9,8,6.1,8.3
2014/08/05,18:05,15.45,12.6,13.9,7.9,6.1,8.2
2014/08/05,18:10,15.4,12.5,13.85,8,6.05,8.15
2014/08/05,18:15,15.35,12.45,13.8,7.9,6.05,8.1
2014/08/05,18:20,15.25,12.45,13.75,7.85,6.05,8.05
2014/08/05,18:25,15.2,12.4,13.7,7.75,6,7.9
2014/08/05,18:30,15.1,12.35,13.7,7.6,5.95,7.9
2014/08/05,18:35,15.05,12.3,13.65,7.7,5.95,7.85
2014/08/05,18:40,14.95,12.2,13.6,7.65,5.9,7.8
2014/08/05,18:45,14.9,12.15,13.55,7.6,5.85,7.75
2014/08/05,18:50,14.8,12.1,13.55,7.6,5.85,7.75
2014/08/05,18:55,14.75,12,13.5,7.6,5.9,7.7
2014/08/05,19:00,14.7,11.9,13.45,7.5,5.8,7.6
2014/08/05,19:05,14.65,11.9,13.4,7.45,5.8,7.6
2014/08/05,19:10,14.55,11.8,13.35,7.45,5.8,7.55
2014/08/05,19:15,14.45,11.8,13.3,7.3,5.7,7.55
2014/08/05,19:20,14.4,11.7,13.3,7.35,5.75,7.5
2014/08/05,19:25,14.35,11.65,13.25,7.3,5.7,7.5
2014/08/05,19:30,14.25,11.55,13.25,7.25,5.7,7.45
2014/08/05,19:35,14.2,11.55,13.2,7.15,5.7,7.4
2014/08/05,19:40,14.15,11.55,13.1,7.45,5.9,7.45
2014/08/05,19:45,14,11.4,13.1,7.3,5.75,7.45
2014/08/05,19:50,14,11.35,13.05,7.2,5.75,7.45
2014/08/05,19:55,13.9,11.3,13.05,7.05,5.75,7.35
2014/08/05,20:00,13.85,11.3,12.95,7.05,5.65,7.25
2014/08/05,20:05,13.8,11.2,12.95,6.95,5.65,7.35
2014/08/05,20:10,13.75,11.2,12.95,7,5.65,7.25
2014/08/05,20:15,13.75,11.1,12.9,7,5.65,7.25
2014/08/05,20:20,13.6,11.1,12.85,6.9,5.65,7.25
2014/08/05,20:25,13.55,10.95,12.8,6.95,5.6,7.2
2014/08/05,20:30,13.5,10.95,12.8,6.8,5.6,7.2
2014/08/05,20:35,13.5,10.85,12.75,6.9,5.6,7.15
2014/08/05,20:40,13.4,10.85,12.75,6.75,5.55,7.1
2014/08/05,20:45,13.4,10.85,12.7,6.7,5.55,7.1
2014/08/05,20:50,13.3,10.75,12.7,6.75,5.6,7.1
2014/08/05,20:55,13.3,10.75,12.65,6.75,5.55,7.1
2014/08/05,21:00,13.2,10.7,12.6,6.75,5.55,7.05
2014/08/05,21:05,13.15,10.65,12.6,6.7,5.55,7.05
2014/08/05,21:10,13.15,10.55,12.6,6.7,5.5,7.05
2014/08/05,21:15,13.05,10.5,12.55,6.65,5.5,7.05
2014/08/05,21:20,13.05,10.5,12.5,6.7,5.5,7.05
2014/08/05,21:25,12.95,10.45,12.45,6.65,5.5,7
2014/08/05,21:30,12.95,10.4,12.45,6.65,5.5,6.95
2014/08/05,21:35,12.9,10.35,12.4,6.65,5.5,6.95
2014/08/05,21:40,12.85,10.3,12.4,6.5,5.45,6.95
2014/08/05,21:45,12.75,10.25,12.4,6.55,5.45,6.95
2014/08/05,21:50,12.75,10.25,12.35,6.45,5.45,6.9
2014/08/05,21:55,12.7,10.2,12.3,6.5,5.45,6.9
2014/08/05,22:00,12.65,10.1,12.3,6.5,5.5,6.9
2014/08/05,22:05,12.6,10.1,12.2,6.5,5.45,6.9
2014/08/05,22:10,12.6,10.1,12.2,6.5,5.45,6.9
2014/08/05,22:15,12.55,10.1,12.2,6.45,5.4,6.85
2014/08/05,22:20,12.5,10,12.15,6.35,5.4,6.85
2014/08/05,22:25,12.45,10,12.15,6.45,5.45,6.85
2014/08/05,22:30,12.45,9.9,12.15,6.45,5.4,6.85
2014/08/05,22:35,12.4,9.9,12.1,6.4,5.4,6.8
2014/08/05,22:40,12.35,9.8,12.05,6.45,5.4,6.8
2014/08/05,22:45,12.35,9.8,12.05,6.45,5.4,6.8
2014/08/05,22:50,12.3,9.8,12,6.35,5.4,6.8
2014/08/05,22:55,12.2,9.8,11.95,6.35,5.4,6.8
2014/08/05,23:00,12.2,9.75,11.95,6.3,5.4,6.75
2014/08/05,23:05,12.2,9.7,11.95,6.3,5.4,6.8
2014/08/05,23:10,12.1,9.7,11.9,6.35,5.4,6.75
2014/08/05,23:15,12.1,9.7,11.9,6.3,5.35,6.7
2014/08/05,23:20,12.1,9.6,11.9,6.3,5.4,6.7
2014/08/05,23:25,12.1,9.6,11.85,6.3,5.35,6.7
2014/08/05,23:30,12,9.55,11.85,6.3,5.35,6.7
2014/08/05,23:35,12,9.5,11.8,6.3,5.35,6.7
2014/08/05,23:40,12,9.5,11.8,6.2,5.35,6.7
2014/08/05,23:45,11.9,9.5,11.8,6.25,5.35,6.7
2014/08/05,23:50,11.9,9.5,11.75,6.25,5.3,6.7
2014/08/05,23:55,11.9,9.45,11.75,6.2,5.3,6.6
2014/08/06,00:00,11.85,9.4,11.7,6.2,5.3,6.6
2014/08/06,00:05,11.8,9.4,11.7,6.2,5.3,6.6
2014/08/06,00:10,11.8,9.35,11.65,6.15,5.3,6.6
2014/08/06,00:15,11.75,9.3,11.6,6.2,5.3,6.6
2014/08/06,00:20,11.7,9.3,11.6,6.15,5.3,6.6
2014/08/06,00:25,11.7,9.25,11.6,6.2,5.3,6.6
2014/08/06,00:30,11.6,9.25,11.55,6.15,5.3,6.6
2014/08/06,00:35,11.6,9.25,11.55,6.15,5.3,6.5
2014/08/06,00:40,11.6,9.2,11.55,6.1,5.3,6.55
2014/08/06,00:45,11.6,9.2,11.55,6.15,5.3,6.55
2014/08/06,00:50,11.55,9.2,11.45,6.1,5.3,6.5
2014/08/06,00:55,11.55,9.2,11.5,6.05,5.3,6.5
2014/08/06,01:00,11.5,9.1,11.45,6.05,5.3,6.5
2014/08/06,01:05,11.5,9.1,11.4,6.05,5.3,6.45
2014/08/06,01:10,11.45,9.1,11.4,6,5.3,6.45
2014/08/06,01:15,11.4,9.05,11.4,6.05,5.3,6.45
2014/08/06,01:20,11.4,9,11.35,6.05,5.3,6.4
2014/08/06,01:25,11.4,9,11.35,6,5.3,6.45
2014/08/06,01:30,11.35,9,11.35,6,5.25,6.45
2014/08/06,01:35,11.3,9,11.3,6,5.25,6.4
2014/08/06,01:40,11.25,8.95,11.3,6.05,5.25,6.4
2014/08/06,01:45,11.25,9,11.25,6.15,5.05,6.4
2014/08/06,01:50,11.25,8.9,11.25,6.1,5.35,6.45
2014/08/06,01:55,11.2,8.9,11.25,6.15,5.35,6.5
2014/08/06,02:00,11.15,8.9,11.2,6,5.3,6.4
2014/08/06,02:05,11.15,8.8,11.2,6.05,5.25,6.4
2014/08/06,02:10,11.15,8.8,11.2,5.95,5.25,6.4
2014/08/06,02:15,11.15,8.8,11.2,6,5.25,6.35
2014/08/06,02:20,11.05,8.8,11.15,6,5.25,6.4
2014/08/06,02:25,11.05,8.8,11.1,6,5.25,6.4
2014/08/06,02:30,11.05,8.7,11.1,6,5.2,6.35
2014/08/06,02:35,11.05,8.7,11.1,6,5.2,6.35
2014/08/06,02:40,11,8.7,11.1,6,5.2,6.4
2014/08/06,02:45,10.95,8.7,11,6,5.25,6.4
2014/08/06,02:50,10.95,8.7,11,5.95,5.2,6.3
2014/08/06,02:55,10.95,8.7,11,5.9,5.2,6.3
2014/08/06,03:00,10.95,8.7,11,5.85,5.2,6.3
2014/08/06,03:05,10.95,8.65,11,5.85,5.2,6.3
2014/08/06,03:10,10.85,8.6,10.95,5.95,5.25,6.3
2014/08/06,03:15,10.85,8.6,10.95,5.9,5.2,6.3
2014/08/06,03:20,10.8,8.6,10.95,5.9,5.2,6.3
2014/08/06,03:25,10.8,8.6,10.95,5.85,5.2,6.25
2014/08/06,03:30,10.8,8.6,10.9,5.85,5.2,6.3
2014/08/06,03:35,10.75,8.5,10.9,5.85,5.2,6.3
2014/08/06,03:40,10.75,8.5,10.85,5.9,5.2,6.25
2014/08/06,03:45,10.7,8.5,10.85,5.9,5.15,6.25
2014/08/06,03:50,10.7,8.5,10.85,5.8,5.2,6.25
2014/08/06,03:55,10.7,8.5,10.85,5.9,5.2,6.25
2014/08/06,04:00,10.65,8.5,10.8,5.85,5.15,6.25
2014/08/06,04:05,10.65,8.4,10.8,5.9,5.15,6.25
2014/08/06,04:10,10.65,8.45,10.8,5.85,5.2,6.2
2014/08/06,04:15,10.6,8.4,10.75,5.85,5.15,6.2
2014/08/06,04:20,10.6,8.4,10.75,5.75,5.15,6.2
2014/08/06,04:25,10.55,8.4,10.75,5.75,5.15,6.2
2014/08/06,04:30,10.55,8.4,10.75,5.75,5.15,6.2
2014/08/06,04:35,10.55,8.4,10.75,5.75,5.15,6.2
2014/08/06,04:40,10.55,8.4,10.7,5.8,5.15,6.2
2014/08/06,04:45,10.5,8.35,10.7,5.8,5.15,6.2
2014/08/06,04:50,10.5,8.3,10.7,5.8,5.15,6.2
2014/08/06,04:55,10.5,8.3,10.65,5.75,5.15,6.2
2014/08/06,05:00,10.45,8.3,10.65,5.75,5.15,6.2
2014/08/06,05:05,10.4,8.3,10.65,5.7,5.15,6.15
2014/08/06,05:10,10.4,8.3,10.65,5.75,5.15,6.15
2014/08/06,05:15,10.4,8.3,10.65,5.7,5.15,6.15
2014/08/06,05:20,10.35,8.25,10.6,5.75,5.15,6.15
2014/08/06,05:25,10.3,8.2,10.55,5.75,5.15,6.15
2014/08/06,05:30,10.3,8.2,10.55,5.75,5.15,6.15
2014/08/06,05:35,10.3,8.2,10.5,5.65,5.15,6.1
2014/08/06,05:40,10.3,8.2,10.5,5.65,5.15,6.1
2014/08/06,05:45,10.25,8.2,10.5,5.7,5.15,6.15
2014/08/06,05:50,10.2,8.2,10.45,5.7,5.15,6.1
2014/08/06,05:55,10.2,8.2,10.45,5.75,5.15,6.15
2014/08/06,06:00,10.2,8.2,10.45,5.65,5.15,6.1
2014/08/06,06:05,10.15,8.1,10.45,5.65,5.15,6.05
2014/08/06,06:10,10.15,8.15,10.45,5.65,5.15,6.1
2014/08/06,06:15,10.1,8.1,10.45,5.65,5.15,6.1
2014/08/06,06:20,10.1,8.1,10.45,5.7,5.15,6.05
2014/08/06,06:25,10.1,8.1,10.35,5.7,5.15,6.05
2014/08/06,06:30,10.05,8.05,10.35,5.75,5.15,6.05
2014/08/06,06:35,10.05,8.1,10.35,5.65,5.15,6.05
2014/08/06,06:40,10,8,10.35,5.65,5.1,6.05
2014/08/06,06:45,10,8.1,10.35,5.65,5.15,6.05
2014/08/06,06:50,10,8,10.35,5.65,5.15,6.05
2014/08/06,06:55,10,8,10.35,5.65,5.15,6.05
2014/08/06,07:00,9.95,8,10.35,5.65,5.1,6
2014/08/06,07:05,9.9,8,10.35,5.65,5.1,6
2014/08/06,07:10,9.9,8,10.25,5.65,5.1,6
2014/08/06,07:15,9.9,7.95,10.25,5.7,5.15,6.05
2014/08/06,07:20,9.85,7.95,10.25,5.65,5.1,5.95
2014/08/06,07:25,9.85,7.9,10.25,5.7,5.15,6.05
2014/08/06,07:30,9.8,7.9,10.25,5.65,5.1,6.05
2014/08/06,07:35,9.8,7.9,10.25,5.7,5.15,6.05
2014/08/06,07:40,9.8,7.9,10.25,5.7,5.15,6.15
2014/08/06,07:45,9.8,7.9,10.25,5.65,5.15,6.15
2014/08/06,07:50,9.8,8,10.2,5.8,5.3,6.25
2014/08/06,07:55,9.8,7.9,10.2,5.65,5.25,6.25
2014/08/06,08:00,9.8,7.9,10.25,5.8,5.35,6.4
2014/08/06,08:05,9.8,7.9,10.25,5.75,5.3,6.4
2014/08/06,08:10,9.8,7.9,10.25,5.8,5.3,6.4
2014/08/06,08:15,9.85,7.9,10.25,5.85,5.3,6.45
2014/08/06,08:20,9.85,7.9,10.25,5.85,5.3,6.5
2014/08/06,08:25,9.85,8,10.3,5.95,5.4,6.5
2014/08/06,08:30,9.9,8,10.35,6.05,5.4,6.55
2014/08/06,08:35,9.95,8,10.4,6.1,5.4,6.55
2014/08/06,08:40,10,8,10.5,6.2,5.4,6.6
2014/08/06,08:45,10,8.05,10.7,6.3,5.4,6.65
2014/08/06,08:50,10.05,8.15,10.8,6.3,5.45,6.65
2014/08/06,08:55,10.15,8.15,11,6.45,5.45,6.7
2014/08/06,09:00,10.25,8.25,11.15,6.45,5.5,6.7
2014/08/06,09:05,10.35,8.3,11.35,6.55,5.5,6.8
2014/08/06,09:10,10.4,8.3,11.45,6.5,5.5,6.8
2014/08/06,09:15,10.5,8.35,11.6,6.65,5.5,6.8
2014/08/06,09:20,10.55,8.45,11.75,6.55,5.5,6.8
2014/08/06,09:25,10.7,8.55,11.9,6.7,5.5,6.9
2014/08/06,09:30,10.75,8.6,12.05,6.7,5.55,6.9
2014/08/06,09:35,10.9,8.7,12.15,6.7,5.6,6.95
2014/08/06,09:40,10.95,8.75,12.3,6.65,5.6,6.95
2014/08/06,09:45,11.05,8.8,12.4,6.75,5.6,7
2014/08/06,09:50,11.15,8.9,12.5,6.8,5.7,7
2014/08/06,09:55,11.2,8.9,12.6,6.85,5.7,7
2014/08/06,10:00,11.35,9,12.65,6.85,5.7,7.1
2014/08/06,10:05,11.45,9.1,12.75,6.8,5.7,7.05
2014/08/06,10:10,11.55,9.15,12.85,6.85,5.7,7.05
2014/08/06,10:15,11.6,9.25,12.9,6.85,5.75,7.1
2014/08/06,10:20,11.7,9.35,12.95,7,5.75,7.15
2014/08/06,10:25,11.75,9.4,12.95,6.95,5.75,7.15
2014/08/06,10:30,11.85,9.4,13,7.05,5.75,7.15
2014/08/06,10:35,11.95,9.5,13.05,6.95,5.8,7.15
2014/08/06,10:40,12.05,9.55,13.1,7.05,5.8,7.15
2014/08/06,10:45,12.15,9.65,13.1,7,5.8,7.15
2014/08/06,10:50,12.45,9.7,13.1,6.9,5.8,7.15
2014/08/06,10:55,12.5,9.8,13.15,7.05,5.85,7.2
2014/08/06,11:00,12.7,9.85,13.15,7.05,5.85,7.15
2014/08/06,11:05,12.6,9.9,13.15,7.1,5.85,7.2
2014/08/06,11:10,12.7,9.95,13.15,7.15,5.85,7.2
2014/08/06,11:15,12.85,10,13.1,7.05,5.8,7.15
2014/08/06,11:20,13,10.05,13.05,6.95,5.9,7.2
2014/08/06,11:25,13.1,10.1,13.15,7.05,5.9,7.2
2014/08/06,11:30,13.2,10.15,13.1,7.05,5.9,7.2
2014/08/06,11:35,13.25,10.2,13.1,7.15,5.9,7.15
2014/08/06,11:40,13.2,10.25,13.1,7.05,5.85,7.15
2014/08/06,11:45,13.25,10.35,13.05,7.1,5.9,7.15
2014/08/06,11:50,13.35,10.4,13.05,7,5.95,7.2
2014/08/06,11:55,13.5,10.4,13,7.05,5.95,7.2
2014/08/06,12:00,13.55,10.5,13.05,7.1,5.95,7.2
2014/08/06,12:05,13.55,10.5,13,7.2,5.95,7.2
2014/08/06,12:10,13.65,10.55,13.05,7.05,5.9,7.2
2014/08/06,12:15,13.65,10.6,13,7,5.95,7.2
2014/08/06,12:20,13.65,10.65,13,7.05,5.95,7.2
2014/08/06,12:25,13.6,10.65,13,7.05,5.95,7.25
2014/08/06,12:30,13.7,10.7,13.05,7.15,5.9,7.25
2014/08/06,12:35,13.75,10.75,13.05,7.15,6,7.3
2014/08/06,12:40,13.85,10.75,13.1,7.25,6,7.3
2014/08/06,12:45,13.9,10.85,13.05,7.25,6,7.3
2014/08/06,12:50,13.95,10.9,13.05,7.2,6,7.3
2014/08/06,12:55,14,10.9,13.05,7.25,6,7.3
2014/08/06,13:00,14.05,11,13.05,7.4,6,7.4
2014/08/06,13:05,14.05,11,13.05,7.4,6.05,7.4
2014/08/06,13:10,14.1,11.05,13.1,7.3,6.05,7.4
2014/08/06,13:15,14.1,11,13.1,7.4,6,7.4
2014/08/06,13:20,14.1,11.05,13.1,7.3,6,7.45
2014/08/06,13:25,14.15,11.1,13.05,7.35,6.05,7.45
2014/08/06,13:30,14.25,11.15,13.1,7.4,6.05,7.45
2014/08/06,13:35,14.25,11.2,13.15,7.35,6.05,7.45
2014/08/06,13:40,14.3,11.2,13.2,7.35,6.05,7.5
2014/08/06,13:45,14.3,11.15,13.2,7.45,6.05,7.45
2014/08/06,13:50,14.4,11.2,13.15,7.4,6.1,7.45
2014/08/06,13:55,14.45,11.3,13.15,7.65,6.25,7.55
2014/08/06,14:00,14.45,11.3,13.15,7.6,6.2,7.55
2014/08/06,14:05,14.5,11.3,13.2,7.55,6.15,7.6
2014/08/06,14:10,14.55,11.35,13.2,7.5,6.1,7.6
2014/08/06,14:15,14.55,11.4,13.2,7.45,6.1,7.6
2014/08/06,14:20,14.6,11.4,13.25,7.5,6.1,7.6
2014/08/06,14:25,14.65,11.4,13.25,7.55,6.1,7.6
2014/08/06,14:30,14.65,11.4,13.25,7.6,6.1,7.6
2014/08/06,14:35,14.7,11.45,13.25,7.4,6.1,7.6
2014/08/06,14:40,14.75,11.45,13.25,7.5,6.1,7.65
2014/08/06,14:45,14.75,11.55,13.3,7.5,6.1,7.65
2014/08/06,14:50,14.75,11.55,13.3,7.55,6.1,7.65
2014/08/06,14:55,14.75,11.55,13.35,7.4,6.1,7.65
2014/08/06,15:00,14.85,11.55,13.3,7.5,6.1,7.7
2014/08/06,15:05,14.9,11.6,13.35,7.6,6.1,7.65
2014/08/06,15:10,15,11.65,13.35,7.5,6.1,7.7
2014/08/06,15:15,15,11.7,13.35,7.65,6.1,7.7
2014/08/06,15:20,15.15,11.7,13.4,7.55,6.15,7.7
2014/08/06,15:25,15.1,11.7,13.5,7.7,6.2,7.75
2014/08/06,15:30,15.15,11.8,13.5,7.75,6.15,7.75
2014/08/06,15:35,15.1,11.75,13.55,7.75,6.15,7.75
2014/08/06,15:40,15.1,11.8,13.55,7.65,6.15,7.75
2014/08/06,15:45,15.1,11.8,13.55,7.65,6.2,7.8
2014/08/06,15:50,15.15,11.9,13.6,7.6,6.2,7.8
2014/08/06,15:55,15.1,11.85,13.6,7.7,6.15,7.85
2014/08/06,16:00,15.1,11.85,13.65,7.65,6.15,7.85
2014/08/06,16:05,15.15,11.85,13.7,7.7,6.2,7.85
2014/08/06,16:10,15.15,11.85,13.7,7.75,6.2,7.85
2014/08/06,16:15,15.1,11.9,13.8,7.8,6.15,7.9
2014/08/06,16:20,15.1,11.9,13.85,7.8,6.15,7.85
2014/08/06,16:25,15.1,11.9,13.9,7.8,6.15,7.85
2014/08/06,16:30,15.1,11.9,13.95,7.8,6.15,7.85
2014/08/06,16:35,15.1,11.9,13.95,7.75,6.15,7.85
2014/08/06,16:40,15.1,11.95,13.95,7.9,6.15,7.85
2014/08/06,16:45,15.15,11.95,13.95,7.75,6.15,7.8
2014/08/06,16:50,15.15,11.95,13.95,7.65,6.15,7.75
2014/08/06,16:55,15.1,11.9,13.95,7.8,6.15,7.8
2014/08/06,17:00,15.15,11.95,13.95,7.75,6.15,7.75
2014/08/06,17:05,15.15,11.95,13.9,7.75,6.15,7.8
2014/08/06,17:10,15.15,11.9,13.95,7.8,6.15,7.75
2014/08/06,17:15,15.15,11.9,13.95,7.75,6.1,7.75
2014/08/06,17:20,15.15,11.95,13.9,7.7,6.1,7.75
2014/08/06,17:25,15.05,11.95,13.85,7.65,6.1,7.75
2014/08/06,17:30,15,11.85,13.85,7.65,6.15,7.75
2014/08/06,17:35,14.95,11.85,13.8,7.55,6.05,7.75
2014/08/06,17:40,14.95,11.85,13.8,7.55,6.05,7.75
2014/08/06,17:45,14.9,11.85,13.8,7.45,6.05,7.75
2014/08/06,17:50,14.9,11.8,13.8,7.7,6.05,7.75
2014/08/06,17:55,14.9,11.85,13.8,7.55,6,7.75
2014/08/06,18:00,14.8,11.75,13.8,7.6,6,7.7
2014/08/06,18:05,14.8,11.75,13.75,7.5,6,7.65
2014/08/06,18:10,14.75,11.75,13.65,7.6,6,7.65
2014/08/06,18:15,14.75,11.7,13.6,7.45,6,7.65
2014/08/06,18:20,14.6,11.65,13.6,7.4,6,7.65
2014/08/06,18:25,14.6,11.65,13.6,7.45,5.95,7.65
2014/08/06,18:30,14.5,11.55,13.55,7.5,5.95,7.65
2014/08/06,18:35,14.5,11.55,13.5,7.4,5.9,7.65
2014/08/06,18:40,14.45,11.5,13.5,7.45,5.9,7.65
2014/08/06,18:45,14.4,11.45,13.45,7.4,5.95,7.6
2014/08/06,18:50,14.35,11.45,13.45,7.35,5.9,7.55
2014/08/06,18:55,14.3,11.45,13.45,7.2,5.9,7.55
2014/08/06,19:00,14.25,11.4,13.4,7.3,5.9,7.55
2014/08/06,19:05,14.15,11.35,13.35,7.3,5.95,7.55
2014/08/06,19:10,14.15,11.25,13.3,7.35,5.85,7.55
2014/08/06,19:15,14.15,11.25,13.3,7.25,5.85,7.55
2014/08/06,19:20,14.05,11.2,13.25,7.3,5.85,7.55
2014/08/06,19:25,14.05,11.15,13.25,7.2,5.9,7.55
2014/08/06,19:30,14,11.3,13.1,7.75,6.15,7.65
2014/08/06,19:35,14,11.4,13.1,8.15,6.35,7.75
2014/08/06,19:40,14,11.4,13.1,8.3,6.5,7.85
2014/08/06,19:45,13.95,11.4,13.05,8.5,6.65,7.9
2014/08/06,19:50,13.95,11.4,13.1,8.65,6.8,8
2014/08/06,19:55,13.9,11.45,13.05,8.75,6.95,8.1
2014/08/06,20:00,13.8,11.45,13.1,8.9,7,8.15
2014/08/06,20:05,13.8,11.45,13.1,9,7.1,8.2
2014/08/06,20:10,13.75,11.45,13.05,9.1,7.2,8.3
2014/08/06,20:15,13.7,11.45,13.05,9.2,7.35,8.35
2014/08/06,20:20,13.65,11.45,13,9.3,7.4,8.35
2014/08/06,20:25,13.6,11.45,13,9.35,7.5,8.4
2014/08/06,20:30,13.55,11.35,13,9,6.7,8.25
2014/08/06,20:35,13.5,11.25,13.05,8.45,6.65,8.15
2014/08/06,20:40,13.4,11.25,13.05,8.2,6.5,8
2014/08/06,20:45,13.4,11.15,13,8.1,6.4,7.95
2014/08/06,20:50,13.3,11.1,13,8,6.3,7.9
2014/08/06,20:55,13.3,11,12.95,7.85,6.25,7.8
2014/08/06,21:00,13.2,10.95,12.95,7.85,6.15,7.75
2014/08/06,21:05,13.15,11,12.9,7.95,6.3,7.85
2014/08/06,21:10,13.1,10.95,12.85,7.7,6.1,7.75
2014/08/06,21:15,13.1,10.9,12.85,7.65,6.05,7.75
2014/08/06,21:20,13.05,10.85,12.8,7.5,5.95,7.7
2014/08/06,21:25,13,10.8,12.8,7.4,5.95,7.6
2014/08/06,21:30,12.95,10.75,12.8,7.4,5.9,7.55
2014/08/06,21:35,12.9,10.75,12.7,7.25,5.8,7.45
2014/08/06,21:40,12.9,10.65,12.7,7.25,5.8,7.45
2014/08/06,21:45,12.8,10.65,12.65,7.2,5.8,7.45
2014/08/06,21:50,12.8,10.6,12.65,7.15,5.7,7.45
2014/08/06,21:55,12.7,10.55,12.65,7.1,5.75,7.45
2014/08/06,22:00,12.7,10.45,12.6,7.1,5.75,7.4
2014/08/06,22:05,12.65,10.45,12.6,7,5.7,7.35
2014/08/06,22:10,12.6,10.45,12.55,7.05,5.7,7.35
2014/08/06,22:15,12.55,10.35,12.5,6.9,5.7,7.35
2014/08/06,22:20,12.55,10.35,12.5,6.9,5.7,7.3
2014/08/06,22:25,12.5,10.35,12.45,6.95,5.7,7.25
2014/08/06,22:30,12.5,10.3,12.4,6.85,5.65,7.25
2014/08/06,22:35,12.45,10.25,12.35,6.85,5.6,7.25
2014/08/06,22:40,12.4,10.2,12.35,6.8,5.65,7.25
2014/08/06,22:45,12.4,10.15,12.35,6.8,5.65,7.25
2014/08/06,22:50,12.35,10.15,12.3,6.8,5.6,7.2
2014/08/06,22:55,12.35,10.15,12.25,6.75,5.6,7.15
2014/08/06,23:00,12.3,10.15,12.25,6.7,5.6,7.15
2014/08/06,23:05,12.3,10.05,12.25,6.75,5.65,7.15
2014/08/06,23:10,12.25,10.05,12.25,6.7,5.6,7.1
2014/08/06,23:15,12.25,10.05,12.2,6.7,5.65,7.1
2014/08/06,23:20,12.2,10,12.2,6.7,5.65,7.1
2014/08/06,23:25,12.15,10,12.2,6.7,5.6,7.1
2014/08/06,23:30,12.15,10,12.15,6.65,5.6,7.1
2014/08/06,23:35,12.15,9.95,12.1,6.7,5.65,7.1
2014/08/06,23:40,12.15,10,12.1,6.6,5.55,7.1
2014/08/06,23:45,12.15,9.9,12.1,6.65,5.65,7.1
2014/08/06,23:50,12.1,9.9,12.1,6.6,5.55,7.1
2014/08/06,23:55,12.1,9.9,12.1,6.65,5.65,7.1
2014/08/07,00:00,12.05,9.9,12.1,6.55,5.55,7.05
2014/08/07,00:05,12.05,9.85,12.05,6.65,5.6,7.05
2014/08/07,00:10,12.05,9.8,12.05,6.65,5.6,7.1
2014/08/07,00:15,12.05,9.75,12.05,6.6,5.55,7.05
2014/08/07,00:20,12,9.75,12.05,6.65,5.55,7.05
2014/08/07,00:25,12,9.8,12.05,6.55,5.6,7.05
2014/08/07,00:30,12,9.8,12,6.6,5.55,7.05
2014/08/07,00:35,12,9.75,11.95,6.6,5.55,7.05
2014/08/07,00:40,12,9.75,11.95,6.6,5.6,7.05
2014/08/07,00:45,12,9.75,11.95,6.65,5.6,7.05
2014/08/07,00:50,12,9.75,11.95,6.6,5.55,7.05
2014/08/07,00:55,12,9.7,11.95,6.65,5.6,7.05
2014/08/07,01:00,11.95,9.7,11.95,6.6,5.55,7.05
2014/08/07,01:05,11.95,9.75,11.95,6.55,5.6,7.05
2014/08/07,01:10,11.95,9.75,11.95,6.6,5.55,7.05
2014/08/07,01:15,11.9,9.7,11.95,6.6,5.55,7.05
2014/08/07,01:20,11.9,9.65,11.95,6.55,5.55,7.05
2014/08/07,01:25,11.9,9.65,11.95,6.6,5.6,7.05
2014/08/07,01:30,11.9,9.65,11.95,6.55,5.55,7.05
2014/08/07,01:35,11.9,9.65,11.95,6.6,5.6,7.05
2014/08/07,01:40,11.9,9.65,11.95,6.6,5.6,7.05
2014/08/07,01:45,11.9,9.65,11.95,6.55,5.55,7.05
2014/08/07,01:50,11.9,9.65,11.9,6.55,5.55,7.05
2014/08/07,01:55,11.9,9.65,11.9,6.6,5.6,7
2014/08/07,02:00,11.9,9.65,11.9,6.6,5.55,7.05
2014/08/07,02:05,11.9,9.65,11.9,6.55,5.55,7.05
2014/08/07,02:10,11.9,9.65,11.9,6.55,5.6,7
2014/08/07,02:15,11.9,9.65,11.85,6.55,5.6,7.05
2014/08/07,02:20,11.9,9.65,11.85,6.6,5.6,7
2014/08/07,02:25,11.85,9.6,11.85,6.6,5.6,7
2014/08/07,02:30,11.85,9.65,11.85,6.5,5.55,6.95
2014/08/07,02:35,11.85,9.6,11.85,6.55,5.6,6.95
2014/08/07,02:40,11.85,9.55,11.85,6.55,5.55,7
2014/08/07,02:45,11.8,9.55,11.85,6.6,5.6,6.95
2014/08/07,02:50,11.8,9.55,11.8,6.55,5.55,6.95
2014/08/07,02:55,11.8,9.55,11.8,6.55,5.55,6.95
2014/08/07,03:00,11.8,9.55,11.8,6.55,5.6,6.95
2014/08/07,03:05,11.75,9.55,11.8,6.5,5.55,6.95
2014/08/07,03:10,11.75,9.65,11.7,6.65,5.5,6.95
2014/08/07,03:15,11.75,9.55,11.7,6.55,5.65,6.95
2014/08/07,03:20,11.7,9.55,11.7,6.6,5.65,7
2014/08/07,03:25,11.7,9.5,11.7,6.55,5.6,6.95
2014/08/07,03:30,11.7,9.45,11.7,6.55,5.55,6.95
2014/08/07,03:35,11.7,9.45,11.7,6.55,5.55,6.9
2014/08/07,03:40,11.7,9.45,11.7,6.4,5.55,6.9
2014/08/07,03:45,11.7,9.45,11.7,6.5,5.6,6.9
2014/08/07,03:50,11.7,9.45,11.7,6.5,5.55,6.9
2014/08/07,03:55,11.65,9.45,11.7,6.45,5.55,6.85
2014/08/07,04:00,11.6,9.45,11.7,6.45,5.55,6.85
2014/08/07,04:05,11.6,9.45,11.7,6.4,5.55,6.85
2014/08/07,04:10,11.6,9.45,11.65,6.45,5.5,6.85
2014/08/07,04:15,11.6,9.35,11.65,6.5,5.55,6.85
2014/08/07,04:20,11.6,9.4,11.65,6.4,5.55,6.85
2014/08/07,04:25,11.6,9.4,11.65,6.4,5.55,6.85
2014/08/07,04:30,11.6,9.35,11.65,6.45,5.5,6.85
2014/08/07,04:35,11.6,9.35,11.65,6.45,5.5,6.85
2014/08/07,04:40,11.6,9.35,11.65,6.35,5.5,6.85
2014/08/07,04:45,11.6,9.35,11.65,6.45,5.5,6.85
2014/08/07,04:50,11.6,9.35,11.65,6.45,5.5,6.85
2014/08/07,04:55,11.55,9.35,11.65,6.45,5.5,6.85
2014/08/07,05:00,11.55,9.25,11.65,6.45,5.5,6.85
2014/08/07,05:05,11.55,9.25,11.55,6.45,5.5,6.85
2014/08/07,05:10,11.55,9.35,11.55,6.45,5.5,6.85
2014/08/07,05:15,11.55,9.25,11.55,6.45,5.55,6.85
2014/08/07,05:20,11.55,9.3,11.55,6.4,5.5,6.8
2014/08/07,05:25,11.5,9.25,11.55,6.45,5.5,6.85
2014/08/07,05:30,11.5,9.25,11.55,6.4,5.5,6.8
2014/08/07,05:35,11.5,9.25,11.55,6.45,5.5,6.8
2014/08/07,05:40,11.5,9.25,11.55,6.4,5.55,6.8
2014/08/07,05:45,11.5,9.25,11.55,6.4,5.5,6.8
2014/08/07,05:50,11.5,9.25,11.55,6.45,5.5,6.8
2014/08/07,05:55,11.5,9.25,11.5,6.4,5.5,6.8
2014/08/07,06:00,11.5,9.25,11.5,6.4,5.5,6.8
2014/08/07,06:05,11.5,9.25,11.55,6.4,5.55,6.8
2014/08/07,06:10,11.45,9.25,11.5,6.4,5.5,6.75
2014/08/07,06:15,11.45,9.25,11.5,6.4,5.5,6.8
2014/08/07,06:20,11.45,9.25,11.5,6.4,5.5,6.75
2014/08/07,06:25,11.45,9.25,11.5,6.4,5.5,6.75
2014/08/07,06:30,11.4,9.25,11.45,6.4,5.5,6.75
2014/08/07,06:35,11.4,9.2,11.45,6.4,5.5,6.75
2014/08/07,06:40,11.4,9.2,11.45,6.4,5.5,6.75
2014/08/07,06:45,11.4,9.2,11.45,6.35,5.45,6.75
2014/08/07,06:50,11.4,9.2,11.45,6.35,5.45,6.7
2014/08/07,06:55,11.4,9.15,11.45,6.35,5.5,6.75
2014/08/07,07:00,11.4,9.2,11.45,6.35,5.5,6.7
2014/08/07,07:05,11.4,9.2,11.45,6.35,5.45,6.75
2014/08/07,07:10,11.35,9.15,11.5,6.35,5.45,6.7
2014/08/07,07:15,11.4,9.2,11.5,6.35,5.5,6.7
2014/08/07,07:20,12,9.5,11.35,6.8,5.6,6.7
2014/08/07,07:25,13.65,10.05,11.4,7.4,5.85,6.85
2014/08/07,07:30,14.55,10.4,11.35,7.75,6,6.95
2014/08/07,07:35,15.1,10.65,11.4,7.95,6.2,7.05
2014/08/07,07:40,15.7,10.95,11.45,8.3,6.35,7.1
2014/08/07,07:45,16.45,11.25,11.55,8.5,6.5,7.15
2014/08/07,07:50,16.65,11.6,11.6,8.75,6.7,7.25
2014/08/07,07:55,17.05,11.9,11.65,8.95,6.85,7.3
2014/08/07,08:00,17.6,12.55,11.75,9.2,6.95,7.35
2014/08/07,08:05,18.1,13,11.8,9.45,7.15,7.5
2014/08/07,08:10,18.1,13.35,11.9,9.7,7.3,7.5
2014/08/07,08:15,17.35,13.65,12.1,9.95,7.45,7.6
2014/08/07,08:20,17.35,13.55,12.4,10.15,7.65,7.7
2014/08/07,08:25,17.35,13.8,12.55,10.4,7.8,7.8
2014/08/07,08:30,17.5,14.15,12.7,10.65,8,7.85
2014/08/07,08:35,17.55,14.65,12.8,10.85,8.15,7.95
2014/08/07,08:40,17.7,15,15.7,11.2,8.25,8
2014/08/07,08:45,17.75,15.2,15.4,11.5,8.45,8.15
2014/08/07,08:50,17.7,15.15,15.15,11.8,8.65,8.3
2014/08/07,08:55,17.55,15.35,15.2,12.1,8.9,8.5
2014/08/07,09:00,17.5,15.4,15.3,12.3,9.1,8.6
2014/08/07,09:05,17.7,15.7,15.45,12.65,9.45,8.8
2014/08/07,09:10,17.85,15.8,15.55,12.85,10.4,9.1
2014/08/07,09:15,17.85,16.25,15.65,13.1,10.9,9.35
2014/08/07,09:20,18,16.25,15.85,13.4,11.25,10.1
2014/08/07,09:25,18.15,16.45,16,13.6,11.65,10.4
2014/08/07,09:30,18.45,16.75,16.2,13.85,11.95,10.8
2014/08/07,09:35,18.75,17.15,16.45,14.15,12.3,11.1
2014/08/07,09:40,18.85,17.35,16.55,14.35,12.6,11.4
2014/08/07,09:45,18.95,17.5,16.7,14.45,12.8,11.7
2014/08/07,09:50,19.15,17.75,16.95,14.7,13.15,12
2014/08/07,09:55,19.25,18,17.1,14.95,13.35,12.2
2014/08/07,10:00,19.25,17.95,17.2,15.05,13.55,12.45
2014/08/07,10:05,18.75,17.5,17.05,15,13.65,12.45
2014/08/07,10:10,17.8,16.25,13.9,11.3,10.85,11.5
2014/08/07,10:15,16.95,15.3,12.7,9.7,9.6,10.7
2014/08/07,10:20,16.25,14.65,12,9,8.95,10.25
2014/08/07,10:25,15.75,14.05,11.35,8.45,8.35,9.85
2014/08/07,10:30,15.25,13.6,10.85,7.95,7.85,9.5
2014/08/07,10:35,14.8,13.15,10.25,7.55,7.35,9.15
2014/08/07,10:40,14.35,12.8,9.8,7.2,7,8.9
2014/08/07,10:45,13.85,12.45,9.4,6.9,6.6,8.7
2014/08/07,10:50,13.6,12.2,9.3,6.75,6.45,8.55
2014/08/07,10:55,13.55,12.15,9.3,7.05,6.6,8.6
2014/08/07,11:00,13.3,11.7,8.75,6.6,6.25,8.35
2014/08/07,11:05,13,11.35,8.5,6.2,5.95,8.1
2014/08/07,11:10,12.95,11.25,8.55,6.5,6.15,8.1
2014/08/07,11:15,12.85,11.15,8.4,6.4,6.05,8
2014/08/07,11:20,12.55,10.8,7.9,5.85,5.65,7.7
2014/08/07,11:25,12.4,10.7,8.05,6.15,5.8,7.7
2014/08/07,11:30,12.3,10.55,8.05,6.05,5.75,7.7
2014/08/07,11:35,12,10.25,7.5,5.65,5.45,7.5
2014/08/07,11:40,12,10.2,7.7,5.85,5.6,7.5
2014/08/07,11:45,11.95,10.05,7.6,5.85,5.65,7.5
2014/08/07,11:50,16.6,12.25,9.65,7.35,7,8.1
2014/08/07,11:55,14.65,12.3,10.35,8.65,8.1,8.7
2014/08/07,12:00,13.95,11.7,9.45,7.45,7.15,8.45
2014/08/07,12:05,13.8,11.6,9.7,7,6.85,8.25
2014/08/07,12:10,13.8,11.65,9.6,7.1,6.8,8.15
2014/08/07,12:15,13.75,11.7,9.7,7.15,6.7,8.1
2014/08/07,12:20,13.8,11.85,9.95,7.35,6.55,8.1
2014/08/07,12:25,13.85,11.95,10.5,7.5,6.45,8.05
2014/08/07,12:30,13.9,12.05,10.45,7.8,6.25,8.1
2014/08/07,12:35,14.9,12.55,10.85,7.95,6.25,8.1
2014/08/07,12:40,14.15,11.75,9.85,6.95,5.5,7.9
2014/08/07,12:45,13.9,11.65,9.8,7,5.55,7.95
2014/08/07,12:50,13.8,11.6,9.75,7.05,5.55,7.9
2014/08/07,12:55,13.65,11.5,9.75,6.9,5.3,7.85
2014/08/07,13:00,13.55,11.45,9.65,6.85,5.2,7.85
2014/08/07,13:05,13.45,11.35,9.55,6.85,5.2,7.9
2014/08/07,13:10,13.4,11.3,9.5,6.8,5.05,7.85
2014/08/07,13:15,13.3,11.3,9.6,6.7,4.95,7.85
2014/08/07,13:20,13.3,11.2,9.45,6.7,4.95,7.8
2014/08/07,13:25,13.25,11.2,9.45,6.65,4.9,7.85
2014/08/07,13:30,13.15,11.1,9.4,6.65,4.85,7.8
2014/08/07,13:35,13.15,11.05,9.2,6.55,4.8,7.75
2014/08/07,13:40,13.05,11.05,9.2,6.5,4.75,7.8
2014/08/07,13:45,13.1,11,9.2,6.5,4.7,7.8
2014/08/07,13:50,13.05,11,9.4,6.85,4.95,7.7
2014/08/07,13:55,13.15,11.25,9.8,7.55,5.6,7.8
2014/08/07,14:00,13.2,11.2,9.35,7,5.15,7.9
2014/08/07,14:05,13.1,11,9.2,6.65,4.85,7.8
2014/08/07,14:10,13.05,11,9.2,6.65,5,7.8
2014/08/07,14:15,13.05,10.9,9.15,6.55,4.9,7.8
2014/08/07,14:20,13,10.9,9.15,6.55,4.95,7.8
2014/08/07,14:25,13,10.85,9,6.55,4.9,7.8
2014/08/07,14:30,13,10.85,9.1,6.5,4.9,7.75
2014/08/07,14:35,12.95,10.75,8.8,6.35,4.8,7.75
2014/08/07,14:40,13,10.8,8.9,6.35,4.9,7.75
2014/08/07,14:45,12.95,10.8,8.85,6.5,4.8,7.7
2014/08/07,14:50,12.95,10.7,8.8,6.25,4.6,7.75
2014/08/07,14:55,12.9,10.65,8.7,6.15,4.6,7.7
2014/08/07,15:00,12.95,10.7,8.7,6.35,4.85,7.75
2014/08/07,15:05,12.85,10.55,8.65,6.15,4.6,7.7
2014/08/07,15:10,12.9,10.6,8.65,6.25,4.7,7.7
2014/08/07,15:15,12.95,10.65,8.65,6.1,4.65,7.7
2014/08/07,15:20,12.9,10.55,8.55,6.1,4.65,7.75
2014/08/07,15:25,12.9,10.55,8.55,6.1,4.6,7.7
2014/08/07,15:30,12.9,10.55,8.55,6.1,4.6,7.75
2014/08/07,15:35,12.9,10.5,8.55,6.05,4.55,7.75
2014/08/07,15:40,12.85,10.5,8.6,6.05,4.55,7.75
2014/08/07,15:45,12.8,10.5,8.6,6.05,4.55,7.75
2014/08/07,15:50,12.8,10.5,8.6,6.1,4.55,7.75
2014/08/07,15:55,12.75,10.45,8.6,6.05,4.55,7.75
2014/08/07,16:00,12.75,10.45,8.65,6.05,4.5,7.7
2014/08/07,16:05,12.7,10.45,8.55,6.05,4.45,7.7
2014/08/07,16:10,12.7,10.45,8.55,6,4.45,7.7
2014/08/07,16:15,12.65,10.45,8.45,6,4.45,7.65
2014/08/07,16:20,12.65,10.4,8.45,6,4.45,7.65
2014/08/07,16:25,12.6,10.35,8.45,6,4.45,7.65
2014/08/07,16:30,12.65,10.5,8.85,6.65,5.15,7.75
2014/08/07,16:35,12.6,10.5,8.65,6.15,4.6,7.75
2014/08/07,16:40,12.55,10.4,8.55,6.05,4.5,7.7
2014/08/07,16:45,12.5,10.4,8.4,6,4.45,7.65
2014/08/07,16:50,12.55,10.4,8.55,6.1,4.65,7.7
2014/08/07,16:55,12.5,10.4,8.5,6,4.5,7.65
2014/08/07,17:00,12.45,10.3,8.5,5.9,4.45,7.65
2014/08/07,17:05,12.4,10.35,8.5,6.1,4.65,7.7
2014/08/07,17:10,12.35,10.3,8.4,5.9,4.35,7.6
2014/08/07,17:15,12.3,10.25,8.4,6,4.55,7.6
2014/08/07,17:20,12.25,10.2,8.45,5.9,4.4,7.6
2014/08/07,17:25,12.2,10.2,8.3,5.9,4.35,7.55
2014/08/07,17:30,12.2,10.2,8.35,6,4.55,7.6
2014/08/07,17:35,12.1,10.1,8.2,5.75,4.3,7.5
2014/08/07,17:40,12.1,10.1,8.3,6,4.55,7.5
2014/08/07,17:45,12,10.05,8.1,5.7,4.3,7.45
2014/08/07,17:50,11.95,10,8.15,5.85,4.55,7.45
2014/08/07,17:55,11.85,9.95,8.05,5.75,4.35,7.45
2014/08/07,18:00,11.8,9.85,8,5.7,4.25,7.4
2014/08/07,18:05,11.7,9.75,8,5.65,4.25,7.4
2014/08/07,18:10,11.6,9.75,7.8,5.6,4.2,7.3
2014/08/07,18:15,11.55,9.75,7.8,5.6,4.15,7.3
2014/08/07,18:20,11.45,9.65,7.65,5.55,4.15,7.25
2014/08/07,18:25,11.35,9.55,7.6,5.55,4.05,7.2
2014/08/07,18:30,11.25,9.55,7.55,5.45,4.05,7.2
2014/08/07,18:35,11.2,9.45,7.5,5.5,4.05,7.2
2014/08/07,18:40,11.15,9.45,7.4,5.4,3.95,7.1
2014/08/07,18:45,11.05,9.35,7.35,5.35,3.95,7.05
2014/08/07,18:50,11,9.35,7.35,5.3,3.95,7.05
2014/08/07,18:55,10.9,9.25,7.25,5.3,3.95,7.05
2014/08/07,19:00,10.8,9.2,7.2,5.25,3.95,7.05
2014/08/07,19:05,10.7,9.2,7.2,5.2,3.9,6.95
2014/08/07,19:10,10.6,9.15,7.1,5.2,3.9,6.95
2014/08/07,19:15,10.6,9.1,7,5.2,3.9,6.95
2014/08/07,19:20,10.5,9,6.95,5.2,3.85,6.9
2014/08/07,19:25,10.5,8.95,6.95,5.15,3.8,6.9
2014/08/07,19:30,10.35,8.95,6.9,5.15,3.8,6.85
2014/08/07,19:35,10.35,8.95,6.8,5.15,3.75,6.85
2014/08/07,19:40,10.25,8.85,6.75,5.1,3.75,6.8
2014/08/07,19:45,10.15,8.8,6.75,5.05,3.75,6.8
2014/08/07,19:50,10.15,8.7,6.75,5.05,3.75,6.75
2014/08/07,19:55,10.05,8.7,6.7,5,3.75,6.75
2014/08/07,20:00,10.05,8.6,6.6,4.9,3.7,6.7
2014/08/07,20:05,9.9,8.6,6.55,4.9,3.7,6.75
2014/08/07,20:10,9.8,8.6,6.5,4.9,3.7,6.65
2014/08/07,20:15,9.8,8.5,6.45,4.9,3.65,6.65
2014/08/07,20:20,9.8,8.4,6.45,4.85,3.7,6.65
2014/08/07,20:25,9.7,8.4,6.35,4.85,3.65,6.55
2014/08/07,20:30,9.6,8.3,6.4,4.8,3.65,6.55
2014/08/07,20:35,9.6,8.3,6.35,4.8,3.65,6.55
2014/08/07,20:40,9.5,8.3,6.35,4.75,3.65,6.55
2014/08/07,20:45,9.45,8.2,6.3,4.8,3.6,6.55
2014/08/07,20:50,9.35,8.15,6.3,4.75,3.6,6.45
2014/08/07,20:55,9.35,8.15,6.2,4.75,3.6,6.45
2014/08/07,21:00,9.3,8.1,6.1,4.75,3.6,6.45
2014/08/07,21:05,9.25,8.05,6.1,4.75,3.6,6.45
2014/08/07,21:10,9.2,8,6.1,4.7,3.55,6.45
2014/08/07,21:15,9.15,7.95,6.05,4.6,3.6,6.4
2014/08/07,21:20,9.15,7.95,5.95,4.65,3.55,6.4
2014/08/07,21:25,9.1,7.9,5.95,4.65,3.5,6.35
2014/08/07,21:30,9,7.85,5.95,4.6,3.5,6.35
2014/08/07,21:35,8.95,7.8,6,4.6,3.5,6.35
2014/08/07,21:40,8.9,7.8,5.95,4.55,3.5,6.35
2014/08/07,21:45,8.9,7.75,5.95,4.55,3.5,6.35
2014/08/07,21:50,8.85,7.7,5.9,4.55,3.5,6.25
2014/08/07,21:55,8.8,7.7,5.9,4.5,3.5,6.25
2014/08/07,22:00,8.8,7.65,5.8,4.5,3.5,6.25
2014/08/07,22:05,8.7,7.65,5.85,4.45,3.45,6.25
2014/08/07,22:10,8.7,7.6,5.8,4.5,3.45,6.25
2014/08/07,22:15,8.6,7.55,5.7,4.45,3.5,6.25
2014/08/07,22:20,8.6,7.55,5.7,4.45,3.45,6.25
2014/08/07,22:25,8.55,7.5,5.7,4.45,3.45,6.2
2014/08/07,22:30,8.55,7.45,5.7,4.45,3.4,6.2
2014/08/07,22:35,8.55,7.55,6.05,4.8,3.85,6.2
2014/08/07,22:40,8.5,7.45,5.75,4.45,3.45,6.2
2014/08/07,22:45,8.45,7.45,5.7,4.5,3.5,6.2
2014/08/07,22:50,8.4,7.45,5.65,4.35,3.45,6.2
2014/08/07,22:55,8.35,7.35,5.65,4.35,3.45,6.15
2014/08/07,23:00,8.3,7.3,5.6,4.35,3.4,6.15
2014/08/07,23:05,8.25,7.25,5.55,4.3,3.4,6.1
2014/08/07,23:10,8.25,7.25,5.55,4.2,3.35,6.1
2014/08/07,23:15,8.15,7.25,5.55,4.2,3.3,6.1
2014/08/07,23:20,8.15,7.15,5.5,4.15,3.3,6.05
2014/08/07,23:25,8.1,7.15,5.5,4.2,3.35,6.05
2014/08/07,23:30,8.05,7.15,5.5,4.15,3.3,6
2014/08/07,23:35,8.05,7.05,5.45,4.1,3.25,6
2014/08/07,23:40,8,7.05,5.4,4.1,3.3,6
2014/08/07,23:45,7.95,7.05,5.45,4.05,3.3,6
2014/08/07,23:50,7.95,6.95,5.4,4.05,3.2,5.95
2014/08/07,23:55,7.9,6.95,5.3,4.05,3.25,5.95
2014/08/08,00:00,7.9,6.95,5.3,4.05,3.2,5.95
2014/08/08,00:05,7.85,6.85,5.3,4.05,3.2,5.95
2014/08/08,00:10,7.8,6.9,5.3,4,3.2,5.95
2014/08/08,00:15,7.8,6.85,5.2,4,3.2,5.9
2014/08/08,00:20,7.8,6.85,5.2,3.95,3.2,5.85
2014/08/08,00:25,7.75,6.8,5.2,3.95,3.2,5.85
2014/08/08,00:30,7.7,6.75,5.15,3.95,3.2,5.85
2014/08/08,00:35,7.65,6.75,5.1,3.95,3.2,5.85
2014/08/08,00:40,7.6,6.75,5.1,3.95,3.15,5.85
2014/08/08,00:45,7.6,6.75,5.1,3.95,3.2,5.85
2014/08/08,00:50,7.6,6.7,5.1,3.95,3.2,5.85
2014/08/08,00:55,7.5,6.65,5.1,3.95,3.2,5.85
2014/08/08,01:00,7.5,6.65,5.1,3.9,3.2,5.8
2014/08/08,01:05,7.5,6.65,5.1,3.85,3.1,5.75
2014/08/08,01:10,7.45,6.55,5.05,3.9,3.15,5.75
2014/08/08,01:15,7.45,6.55,5,3.85,3.1,5.75
2014/08/08,01:20,7.45,6.55,5,3.9,3.1,5.75
2014/08/08,01:25,7.4,6.55,5,3.85,3.1,5.75
2014/08/08,01:30,7.4,6.55,5,3.85,3.1,5.75
2014/08/08,01:35,7.4,6.55,5,3.85,3.1,5.75
2014/08/08,01:40,7.4,6.5,4.9,3.85,3.1,5.75
2014/08/08,01:45,7.35,6.45,4.85,3.85,3.1,5.75
2014/08/08,01:50,7.3,6.45,4.85,3.85,3.1,5.7
2014/08/08,01:55,7.3,6.45,4.85,3.85,3.1,5.7
2014/08/08,02:00,7.25,6.4,4.85,3.8,3.1,5.7
2014/08/08,02:05,7.25,6.35,4.85,3.8,3.1,5.7
2014/08/08,02:10,7.15,6.35,4.85,3.8,3.1,5.65
2014/08/08,02:15,7.15,6.35,4.85,3.8,3.1,5.7
2014/08/08,02:20,7.15,6.3,4.8,3.75,3.1,5.65
2014/08/08,02:25,7.15,6.3,4.85,3.8,3.1,5.65
2014/08/08,02:30,7.1,6.25,4.75,3.7,3.1,5.65
2014/08/08,02:35,7.05,6.25,4.75,3.7,3.1,5.65
2014/08/08,02:40,7.05,6.25,4.75,3.7,3.1,5.6
2014/08/08,02:45,7.05,6.25,4.75,3.7,3.1,5.6
2014/08/08,02:50,7.05,6.25,4.75,3.7,3.05,5.6
2014/08/08,02:55,7.05,6.25,4.75,3.7,3,5.6
2014/08/08,03:00,7,6.2,4.75,3.7,3.05,5.6
2014/08/08,03:05,6.95,6.15,4.75,3.7,3.05,5.6
2014/08/08,03:10,6.95,6.15,4.75,3.7,3.05,5.55
2014/08/08,03:15,6.95,6.15,4.7,3.7,3.05,5.55
2014/08/08,03:20,6.95,6.15,4.7,3.7,3.05,5.55
2014/08/08,03:25,6.9,6.1,4.7,3.7,3.05,5.55
2014/08/08,03:30,6.85,6.1,4.7,3.65,3,5.55
2014/08/08,03:35,6.85,6.05,4.7,3.7,3,5.5
2014/08/08,03:40,6.85,6.1,4.7,3.65,3,5.5
2014/08/08,03:45,6.85,6.05,4.7,3.65,3,5.5
2014/08/08,03:50,6.8,6,4.7,3.65,3,5.5
2014/08/08,03:55,6.75,6,4.6,3.65,3,5.5
2014/08/08,04:00,6.75,6,4.7,3.65,3,5.5
2014/08/08,04:05,6.75,5.95,4.6,3.65,3,5.5
2014/08/08,04:10,6.75,5.95,4.6,3.65,3,5.5
2014/08/08,04:15,6.7,5.95,4.6,3.65,3,5.5
2014/08/08,04:20,6.75,5.95,4.65,3.65,3,5.5
2014/08/08,04:25,6.7,5.95,4.6,3.65,3,5.45
2014/08/08,04:30,6.7,5.95,4.6,3.65,3,5.5
2014/08/08,04:35,6.7,5.9,4.6,3.65,3,5.5
2014/08/08,04:40,6.7,5.95,4.8,3.85,3.25,5.35
2014/08/08,04:45,6.7,5.9,4.65,3.6,2.95,5.45
2014/08/08,04:50,6.65,5.9,4.6,3.65,3.1,5.45
2014/08/08,04:55,6.6,5.9,4.6,3.6,3,5.45
2014/08/08,05:00,6.6,5.85,4.5,3.5,3,5.45
2014/08/08,05:05,6.6,5.85,4.5,3.5,3,5.4
2014/08/08,05:10,6.55,5.8,4.5,3.5,3,5.4
2014/08/08,05:15,6.55,5.8,4.5,3.5,3,5.4
2014/08/08,05:20,6.5,5.75,4.4,3.5,3,5.4
2014/08/08,05:25,6.5,5.75,4.45,3.5,2.95,5.4
2014/08/08,05:30,6.45,5.75,4.4,3.5,2.9,5.4
2014/08/08,05:35,6.45,5.65,4.4,3.4,2.9,5.4
2014/08/08,05:40,6.4,5.7,4.4,3.4,2.9,5.35
2014/08/08,05:45,6.4,5.65,4.4,3.4,2.9,5.4
2014/08/08,05:50,6.4,5.65,4.4,3.4,2.85,5.3
2014/08/08,05:55,6.4,5.65,4.35,3.4,2.9,5.3
2014/08/08,06:00,6.35,5.65,4.35,3.4,2.9,5.35
2014/08/08,06:05,6.35,5.65,4.35,3.35,2.9,5.35
2014/08/08,06:10,6.35,5.6,4.35,3.35,2.9,5.3
2014/08/08,06:15,6.3,5.6,4.3,3.4,2.9,5.3
2014/08/08,06:20,6.3,5.55,4.3,3.35,2.85,5.3
2014/08/08,06:25,6.25,5.55,4.25,3.35,2.85,5.3
2014/08/08,06:30,6.25,5.55,4.25,3.35,2.85,5.3
2014/08/08,06:35,6.2,5.55,4.25,3.35,2.85,5.3
2014/08/08,06:40,6.2,5.5,4.25,3.35,2.85,5.25
2014/08/08,06:45,6.2,5.5,4.25,3.35,2.85,5.25
2014/08/08,06:50,6.2,5.5,4.25,3.35,2.85,5.2
2014/08/08,06:55,6.2,5.5,4.25,3.35,2.85,5.2
2014/08/08,07:00,6.15,5.45,4.25,3.35,2.85,5.2
2014/08/08,07:05,6.15,5.45,4.25,3.35,2.85,5.2
2014/08/08,07:10,6.15,5.4,4.25,3.35,2.85,5.2
2014/08/08,07:15,6.15,5.4,4.25,3.35,2.85,5.2
2014/08/08,07:20,6.1,5.4,4.25,3.35,2.85,5.2
2014/08/08,07:25,6.1,5.4,4.25,3.35,2.85,5.2
2014/08/08,07:30,6.1,5.4,4.25,3.35,2.85,5.2
2014/08/08,07:35,6.1,5.4,4.25,3.35,2.85,5.2
2014/08/08,07:40,6.1,5.4,4.25,3.35,2.85,5.2
2014/08/08,07:45,6.1,5.4,4.25,3.35,2.85,5.25
2014/08/08,07:50,6.1,5.4,4.25,3.35,2.85,5.25
2014/08/08,07:55,6.15,5.4,4.25,3.35,2.85,5.25
2014/08/08,08:00,6.15,5.4,4.25,3.4,2.9,5.3
2014/08/08,08:05,6.15,5.45,4.3,3.45,2.9,5.25
2014/08/08,08:10,6.15,5.45,4.35,3.4,2.9,5.3
2014/08/08,08:15,6.15,5.45,4.35,3.45,2.9,5.35
2014/08/08,08:20,6.25,5.45,4.4,3.45,2.95,5.4
2014/08/08,08:25,6.3,5.5,4.5,3.5,2.95,5.4
2014/08/08,08:30,6.3,5.6,4.5,3.5,3.05,5.55
2014/08/08,08:35,6.4,5.6,4.6,3.6,3.05,5.55
2014/08/08,08:40,6.5,5.65,4.7,3.7,3.05,5.65
2014/08/08,08:45,6.5,5.65,4.8,3.75,3.1,5.7
2014/08/08,08:50,6.55,5.7,4.9,3.8,3.1,5.75
2014/08/08,08:55,6.65,5.75,4.95,3.85,3.1,5.85
2014/08/08,09:00,6.7,5.8,5.05,3.9,3.15,5.9
2014/08/08,09:05,6.75,5.85,5.2,3.95,3.2,5.95
2014/08/08,09:10,6.85,5.95,5.25,3.95,3.2,6.05
2014/08/08,09:15,6.9,5.95,5.25,4.05,3.25,6.1
2014/08/08,09:20,6.95,6,5.35,4.05,3.25,6.1
2014/08/08,09:25,7,6.05,5.4,4.05,3.25,6.15
2014/08/08,09:30,7.05,6.1,5.4,4.15,3.3,6.2
2014/08/08,09:35,7.15,6.15,5.5,4.15,3.3,6.2
2014/08/08,09:40,7.2,6.2,5.5,4.2,3.35,6.2
2014/08/08,09:45,7.25,6.25,5.6,4.25,3.35,6.2
2014/08/08,09:50,7.3,6.25,5.6,4.25,3.4,6.25
2014/08/08,09:55,7.35,6.35,5.65,4.3,3.4,6.25
2014/08/08,10:00,7.45,6.45,5.65,4.3,3.4,6.25
2014/08/08,10:05,7.45,6.45,5.7,4.3,3.45,6.3
2014/08/08,10:10,7.55,6.5,5.7,4.3,3.45,6.35
2014/08/08,10:15,7.55,6.55,5.65,4.35,3.55,6.35
2014/08/08,10:20,7.65,6.55,5.75,4.35,3.5,6.4
2014/08/08,10:25,7.7,6.65,5.8,4.4,3.55,6.4
2014/08/08,10:30,7.8,6.7,5.85,4.4,3.55,6.45
2014/08/08,10:35,7.9,6.75,5.85,4.5,3.55,6.45
2014/08/08,10:40,7.9,6.8,5.9,4.45,3.6,6.45
2014/08/08,10:45,8,6.9,6.2,4.9,3.9,6.45
2014/08/08,10:50,8.15,7,6.1,4.55,3.6,6.6
2014/08/08,10:55,8.2,7,6.1,4.6,3.8,6.6
2014/08/08,11:00,8.3,7.05,6.15,4.6,3.75,6.6
2014/08/08,11:05,8.3,7.05,6.2,4.6,3.7,6.65
2014/08/08,11:10,8.4,7.15,6.25,4.65,3.8,6.75
2014/08/08,11:15,8.55,7.2,6.3,4.75,3.8,6.75
2014/08/08,11:20,8.65,7.3,6.4,4.75,3.8,6.8
2014/08/08,11:25,8.85,7.3,6.4,4.8,3.85,6.8
2014/08/08,11:30,8.95,7.35,6.3,4.7,3.85,6.8
2014/08/08,11:35,9,7.35,6.25,4.65,3.8,6.8
2014/08/08,11:40,9.05,7.4,6.25,4.7,3.8,6.8
2014/08/08,11:45,9.15,7.45,6.25,4.65,3.8,6.8
2014/08/08,11:50,9.25,7.45,6.35,4.75,3.85,6.8
2014/08/08,11:55,9.4,7.55,6.45,4.8,3.85,6.9
2014/08/08,12:00,9.45,7.6,6.5,4.85,3.95,6.9
2014/08/08,12:05,9.55,7.7,6.5,4.9,3.95,6.9
2014/08/08,12:10,9.6,7.7,6.5,4.9,3.9,6.85
2014/08/08,12:15,9.7,7.75,6.5,4.9,3.95,6.85
2014/08/08,12:20,9.75,7.75,6.45,4.95,3.9,6.85
2014/08/08,12:25,9.85,7.8,6.6,4.95,3.9,6.85
2014/08/08,12:30,9.9,7.8,6.6,4.95,3.9,6.8
2014/08/08,12:35,9.95,7.85,6.55,4.95,3.9,6.8
2014/08/08,12:40,10,7.85,6.6,5,3.9,6.8
2014/08/08,12:45,10,7.85,6.6,5,3.95,6.8
2014/08/08,12:50,10.15,7.9,6.65,5.05,3.95,6.8
2014/08/08,12:55,10.2,8,6.7,5.05,3.95,6.75
2014/08/08,13:00,10.2,8,6.7,5.05,3.9,6.75
2014/08/08,13:05,10.3,8,6.65,5.05,3.9,6.8
2014/08/08,13:10,10.3,8,6.65,5.05,3.9,6.8
2014/08/08,13:15,10.3,8,6.65,5,3.85,6.8
2014/08/08,13:20,10.35,8,6.75,5.1,3.95,6.8
2014/08/08,13:25,10.4,8.05,6.75,5.15,3.9,6.8
2014/08/08,13:30,10.4,8.1,6.8,5.15,3.95,6.8
2014/08/08,13:35,10.5,8.1,6.75,5.15,3.9,6.8
2014/08/08,13:40,10.45,8.15,6.7,5.15,3.95,6.8
2014/08/08,13:45,10.5,8.15,6.75,5.25,3.95,6.8
2014/08/08,13:50,10.55,8.15,6.7,5.15,3.9,6.75
2014/08/08,13:55,10.5,8.15,6.7,5.1,3.9,6.75
2014/08/08,14:00,10.5,8.15,6.65,5.1,3.9,6.75
